<metadata xml:lang="en"><Esri><SyncOnce>FALSE</SyncOnce><ArcGISFormat>1.0</ArcGISFormat><DataProperties><lineage><Process ToolSource="c:\program files (x86)\arcgis\desktop10.3\ArcToolbox\Toolboxes\Data Management Tools.tbx\TruncateTable" Date="20160603" Time="111346">TruncateTable C:\Users\gmeyer\Desktop\OTC_LocalGovernment.gdb\ReferenceData\RoadCenterline</Process><Process ToolSource="c:\program files (x86)\arcgis\desktop10.3\ArcToolbox\Toolboxes\Data Management Tools.tbx\CalculateField" Date="20160603" Time="153136">CalculateField "Road Centerlines" OTC_OT "No" VB #</Process><Process ToolSource="c:\program files (x86)\arcgis\desktop10.3\ArcToolbox\Toolboxes\Data Management Tools.tbx\CalculateField" Date="20160607" Time="143133">CalculateField "Road Centerlines" OTC_VMD "No" VB #</Process><Process ToolSource="c:\program files (x86)\arcgis\desktop10.3\ArcToolbox\Toolboxes\Data Management Tools.tbx\CalculateField" Date="20160607" Time="143217">CalculateField "Road Centerlines" OTC_VT "No" VB #</Process><Process ToolSource="c:\program files (x86)\arcgis\desktop10.3\ArcToolbox\Toolboxes\Data Management Tools.tbx\CalculateField" Date="20160627" Time="110430">CalculateField Roads STATELEFT "MN" VB #</Process><Process ToolSource="c:\program files (x86)\arcgis\desktop10.3\ArcToolbox\Toolboxes\Data Management Tools.tbx\CalculateField" Date="20160627" Time="110948">CalculateField Roads STATERIGHT "MN" VB #</Process><Process ToolSource="c:\program files (x86)\arcgis\desktop10.3\ArcToolbox\Toolboxes\Data Management Tools.tbx\CalculateField" Date="20160627" Time="111446">CalculateField Roads MUNILEFT "FERGUS FALLS" VB #</Process><Process ToolSource="c:\program files (x86)\arcgis\desktop10.3\ArcToolbox\Toolboxes\Data Management Tools.tbx\CalculateField" Date="20160627" Time="111511">CalculateField Roads MUNIRIGHT "FERGUS FALLS" VB #</Process><Process ToolSource="c:\program files (x86)\arcgis\desktop10.3\ArcToolbox\Toolboxes\Data Management Tools.tbx\CalculateField" Date="20160627" Time="112841">CalculateField Roads MUNILEFT "HENNING" VB #</Process><Process ToolSource="c:\program files (x86)\arcgis\desktop10.3\ArcToolbox\Toolboxes\Data Management Tools.tbx\CalculateField" Date="20160627" Time="112855">CalculateField Roads MUNIRIGHT "HENNING" VB #</Process><Process ToolSource="c:\program files (x86)\arcgis\desktop10.3\ArcToolbox\Toolboxes\Data Management Tools.tbx\CalculateField" Date="20160627" Time="113005">CalculateField Roads MUNILEFT "VINING" VB #</Process><Process ToolSource="c:\program files (x86)\arcgis\desktop10.3\ArcToolbox\Toolboxes\Data Management Tools.tbx\CalculateField" Date="20160627" Time="113010">CalculateField Roads MUNIRIGHT "VINING" VB #</Process><Process ToolSource="c:\program files (x86)\arcgis\desktop10.3\ArcToolbox\Toolboxes\Data Management Tools.tbx\CalculateField" Date="20160627" Time="113042">CalculateField Roads MUNILEFT "BATTLE LAKE" VB #</Process><Process ToolSource="c:\program files (x86)\arcgis\desktop10.3\ArcToolbox\Toolboxes\Data Management Tools.tbx\CalculateField" Date="20160627" Time="113046">CalculateField Roads MUNIRIGHT "BATTLE LAKE" VB #</Process><Process ToolSource="c:\program files (x86)\arcgis\desktop10.3\ArcToolbox\Toolboxes\Data Management Tools.tbx\CalculateField" Date="20160627" Time="113205">CalculateField Roads MUNILEFT "BLUFFTON" VB #</Process><Process ToolSource="c:\program files (x86)\arcgis\desktop10.3\ArcToolbox\Toolboxes\Data Management Tools.tbx\CalculateField" Date="20160627" Time="113210">CalculateField Roads MUNIRIGHT "BLUFFTON" VB #</Process><Process ToolSource="c:\program files (x86)\arcgis\desktop10.3\ArcToolbox\Toolboxes\Data Management Tools.tbx\CalculateField" Date="20160627" Time="113248">CalculateField Roads MUNILEFT "CLITHERALL" VB #</Process><Process ToolSource="c:\program files (x86)\arcgis\desktop10.3\ArcToolbox\Toolboxes\Data Management Tools.tbx\CalculateField" Date="20160627" Time="113255">CalculateField Roads MUNIRIGHT "CLITHERALL" VB #</Process><Process ToolSource="c:\program files (x86)\arcgis\desktop10.3\ArcToolbox\Toolboxes\Data Management Tools.tbx\CalculateField" Date="20160627" Time="113321">CalculateField Roads MUNILEFT "DALTON" VB #</Process><Process ToolSource="c:\program files (x86)\arcgis\desktop10.3\ArcToolbox\Toolboxes\Data Management Tools.tbx\CalculateField" Date="20160627" Time="113324">CalculateField Roads MUNIRIGHT "DALTON" VB #</Process><Process ToolSource="c:\program files (x86)\arcgis\desktop10.3\ArcToolbox\Toolboxes\Data Management Tools.tbx\CalculateField" Date="20160627" Time="113347">CalculateField Roads MUNIRIGHT "DEER CREEK" VB #</Process><Process ToolSource="c:\program files (x86)\arcgis\desktop10.3\ArcToolbox\Toolboxes\Data Management Tools.tbx\CalculateField" Date="20160627" Time="113352">CalculateField Roads MUNILEFT "DEER CREEK" VB #</Process><Process ToolSource="c:\program files (x86)\arcgis\desktop10.3\ArcToolbox\Toolboxes\Data Management Tools.tbx\CalculateField" Date="20160627" Time="113447">CalculateField Roads MUNILEFT "DENT" VB #</Process><Process ToolSource="c:\program files (x86)\arcgis\desktop10.3\ArcToolbox\Toolboxes\Data Management Tools.tbx\CalculateField" Date="20160627" Time="113451">CalculateField Roads MUNIRIGHT "DENT" VB #</Process><Process ToolSource="c:\program files (x86)\arcgis\desktop10.3\ArcToolbox\Toolboxes\Data Management Tools.tbx\CalculateField" Date="20160627" Time="113514">CalculateField Roads MUNIRIGHT "ELIZABETH" VB #</Process><Process ToolSource="c:\program files (x86)\arcgis\desktop10.3\ArcToolbox\Toolboxes\Data Management Tools.tbx\CalculateField" Date="20160627" Time="113518">CalculateField Roads MUNILEFT "ELIZABETH" VB #</Process><Process ToolSource="c:\program files (x86)\arcgis\desktop10.3\ArcToolbox\Toolboxes\Data Management Tools.tbx\CalculateField" Date="20160627" Time="113616">CalculateField Roads MUNILEFT "ERHARD" VB #</Process><Process ToolSource="c:\program files (x86)\arcgis\desktop10.3\ArcToolbox\Toolboxes\Data Management Tools.tbx\CalculateField" Date="20160627" Time="113627">CalculateField Roads MUNIRIGHT "ERHARD" VB #</Process><Process ToolSource="c:\program files (x86)\arcgis\desktop10.3\ArcToolbox\Toolboxes\Data Management Tools.tbx\CalculateField" Date="20160627" Time="113659">CalculateField Roads MUNILEFT "NEW YORK MILLS" VB #</Process><Process ToolSource="c:\program files (x86)\arcgis\desktop10.3\ArcToolbox\Toolboxes\Data Management Tools.tbx\CalculateField" Date="20160627" Time="113703">CalculateField Roads MUNIRIGHT "NEW YORK MILLS" VB #</Process><Process ToolSource="c:\program files (x86)\arcgis\desktop10.3\ArcToolbox\Toolboxes\Data Management Tools.tbx\CalculateField" Date="20160627" Time="113722">CalculateField Roads MUNILEFT "OTTERTAIL" VB #</Process><Process ToolSource="c:\program files (x86)\arcgis\desktop10.3\ArcToolbox\Toolboxes\Data Management Tools.tbx\CalculateField" Date="20160627" Time="113727">CalculateField Roads MUNIRIGHT "OTTERTAIL" VB #</Process><Process ToolSource="c:\program files (x86)\arcgis\desktop10.3\ArcToolbox\Toolboxes\Data Management Tools.tbx\CalculateField" Date="20160627" Time="113746">CalculateField Roads MUNILEFT "PARKERS PRAIRIE" VB #</Process><Process ToolSource="c:\program files (x86)\arcgis\desktop10.3\ArcToolbox\Toolboxes\Data Management Tools.tbx\CalculateField" Date="20160627" Time="113751">CalculateField Roads MUNIRIGHT "PARKERS PRAIRIE" VB #</Process><Process ToolSource="c:\program files (x86)\arcgis\desktop10.3\ArcToolbox\Toolboxes\Data Management Tools.tbx\CalculateField" Date="20160627" Time="113813">CalculateField Roads MUNILEFT "PELICAN RAPIDS" VB #</Process><Process ToolSource="c:\program files (x86)\arcgis\desktop10.3\ArcToolbox\Toolboxes\Data Management Tools.tbx\CalculateField" Date="20160627" Time="113818">CalculateField Roads MUNIRIGHT "PELICAN RAPIDS" VB #</Process><Process ToolSource="c:\program files (x86)\arcgis\desktop10.3\ArcToolbox\Toolboxes\Data Management Tools.tbx\CalculateField" Date="20160627" Time="113836">CalculateField Roads MUNILEFT "PERHAM" VB #</Process><Process ToolSource="c:\program files (x86)\arcgis\desktop10.3\ArcToolbox\Toolboxes\Data Management Tools.tbx\CalculateField" Date="20160627" Time="113843">CalculateField Roads MUNIRIGHT "PERHAM" VB #</Process><Process ToolSource="c:\program files (x86)\arcgis\desktop10.3\ArcToolbox\Toolboxes\Data Management Tools.tbx\CalculateField" Date="20160627" Time="113900">CalculateField Roads MUNILEFT "RICHVILLE" VB #</Process><Process ToolSource="c:\program files (x86)\arcgis\desktop10.3\ArcToolbox\Toolboxes\Data Management Tools.tbx\CalculateField" Date="20160627" Time="113904">CalculateField Roads MUNIRIGHT "RICHVILLE" VB #</Process><Process ToolSource="c:\program files (x86)\arcgis\desktop10.3\ArcToolbox\Toolboxes\Data Management Tools.tbx\CalculateField" Date="20160627" Time="113924">CalculateField Roads MUNILEFT "ROTHSAY" VB #</Process><Process ToolSource="c:\program files (x86)\arcgis\desktop10.3\ArcToolbox\Toolboxes\Data Management Tools.tbx\CalculateField" Date="20160627" Time="113929">CalculateField Roads MUNIRIGHT "ROTHSAY" VB #</Process><Process ToolSource="c:\program files (x86)\arcgis\desktop10.3\ArcToolbox\Toolboxes\Data Management Tools.tbx\CalculateField" Date="20160627" Time="113949">CalculateField Roads MUNILEFT "UNDERWOOD" VB #</Process><Process ToolSource="c:\program files (x86)\arcgis\desktop10.3\ArcToolbox\Toolboxes\Data Management Tools.tbx\CalculateField" Date="20160627" Time="113954">CalculateField Roads MUNIRIGHT "UNDERWOOD" VB #</Process><Process ToolSource="c:\program files (x86)\arcgis\desktop10.3\ArcToolbox\Toolboxes\Data Management Tools.tbx\CalculateField" Date="20160627" Time="114013">CalculateField Roads MUNILEFT "URBANK" VB #</Process><Process ToolSource="c:\program files (x86)\arcgis\desktop10.3\ArcToolbox\Toolboxes\Data Management Tools.tbx\CalculateField" Date="20160627" Time="114017">CalculateField Roads MUNIRIGHT "URBANK" VB #</Process><Process ToolSource="c:\program files (x86)\arcgis\desktop10.3\ArcToolbox\Toolboxes\Data Management Tools.tbx\CalculateField" Date="20160627" Time="114033">CalculateField Roads MUNILEFT "VERGAS" VB #</Process><Process ToolSource="c:\program files (x86)\arcgis\desktop10.3\ArcToolbox\Toolboxes\Data Management Tools.tbx\CalculateField" Date="20160627" Time="114039">CalculateField Roads MUNIRIGHT "VERGAS" VB #</Process><Process ToolSource="c:\program files (x86)\arcgis\desktop10.3\ArcToolbox\Toolboxes\Data Management Tools.tbx\CalculateField" Date="20160627" Time="114107">CalculateField Roads MUNILEFT "WADENA" VB #</Process><Process ToolSource="c:\program files (x86)\arcgis\desktop10.3\ArcToolbox\Toolboxes\Data Management Tools.tbx\CalculateField" Date="20160627" Time="114110">CalculateField Roads MUNIRIGHT "WADENA" VB #</Process><Process ToolSource="c:\program files (x86)\arcgis\desktop10.3\ArcToolbox\Toolboxes\Data Management Tools.tbx\CalculateField" Date="20160627" Time="114826">CalculateField Roads MUNILEFT "OTTER TAIL COUNTY" VB #</Process><Process ToolSource="c:\program files (x86)\arcgis\desktop10.3\ArcToolbox\Toolboxes\Data Management Tools.tbx\CalculateField" Date="20160627" Time="115006">CalculateField Roads MUNIRIGHT "OTTER TAIL COUNTY" VB #</Process><Process ToolSource="c:\program files (x86)\arcgis\desktop10.3\ArcToolbox\Toolboxes\Data Management Tools.tbx\TruncateTable" Date="20160707" Time="111815">TruncateTable "Database Connections\dbadmin_OTC_LGIM.sde\OTC_LGIM.DBO.ReferenceData\OTC_LGIM.DBO.RoadCenterline"</Process><Process ToolSource="c:\program files (x86)\arcgis\desktop10.4\ArcToolbox\Toolboxes\Data Management Tools.tbx\CalculateField" Date="20161003" Time="131606">CalculateField "Road Centerlines" FEDROUTE [OTC_LABEL] VB #</Process><Process ToolSource="c:\program files (x86)\arcgis\desktop10.4\ArcToolbox\Toolboxes\Data Management Tools.tbx\CalculateField" Date="20161003" Time="131718">CalculateField "Road Centerlines" FEDROUTE "59" VB #</Process><Process ToolSource="c:\program files (x86)\arcgis\desktop10.4\ArcToolbox\Toolboxes\Data Management Tools.tbx\CalculateField" Date="20161003" Time="143339">CalculateField "Road Centerlines" OTC_RC 1 VB #</Process><Process ToolSource="c:\program files (x86)\arcgis\desktop10.4\ArcToolbox\Toolboxes\Data Management Tools.tbx\CalculateField" Date="20161003" Time="143648">CalculateField "Road Centerlines" OTC_RC [ROADCLASS] VB #</Process><Process ToolSource="c:\program files (x86)\arcgis\desktop10.4\ArcToolbox\Toolboxes\Data Management Tools.tbx\CalculateField" Date="20161003" Time="144444">CalculateField "Road Centerlines" OTC_RC [ROADCLASS] VB #</Process><Process ToolSource="c:\program files (x86)\arcgis\desktop10.4\ArcToolbox\Toolboxes\Data Management Tools.tbx\CalculateField" Date="20161003" Time="144605">CalculateField "Road Centerlines" OTC_RC 1 VB #</Process><Process ToolSource="c:\program files (x86)\arcgis\desktop10.4\ArcToolbox\Toolboxes\Data Management Tools.tbx\CalculateField" Date="20161212" Time="161802">CalculateField "Road Centerlines" STATELEFT "MN" VB #</Process><Process ToolSource="c:\program files (x86)\arcgis\desktop10.4\ArcToolbox\Toolboxes\Data Management Tools.tbx\CalculateField" Date="20161212" Time="161844">CalculateField "Road Centerlines" STATERIGHT "MN" VB #</Process><Process ToolSource="c:\program files (x86)\arcgis\desktop10.4\ArcToolbox\Toolboxes\Data Management Tools.tbx\CalculateField" Date="20170106" Time="121426">CalculateField "Road Centerlines" FEDROUTE "I-94" VB #</Process><Process ToolSource="c:\program files (x86)\arcgis\desktop10.4\ArcToolbox\Toolboxes\Data Management Tools.tbx\CalculateField" Date="20170106" Time="121501">CalculateField "Road Centerlines" FEDROUTE "INTERSTATE 94" VB #</Process><Process ToolSource="c:\program files (x86)\arcgis\desktop10.4\ArcToolbox\Toolboxes\Data Management Tools.tbx\CalculateField" Date="20170106" Time="121545">CalculateField "Road Centerlines" FEDROUTE "I-94" VB #</Process><Process ToolSource="c:\program files (x86)\arcgis\desktop10.4\ArcToolbox\Toolboxes\Data Management Tools.tbx\CalculateField" Date="20170613" Time="111309">CalculateField "Road Centerlines" ESNLEFT "&lt;NULL&gt;" VB #</Process><Process ToolSource="c:\program files (x86)\arcgis\desktop10.4\ArcToolbox\Toolboxes\Data Management Tools.tbx\CalculateField" Date="20170927" Time="120959">CalculateField ROADS OTC_COUNTY_L "OTTER TAIL" VB #</Process><Process ToolSource="c:\program files (x86)\arcgis\desktop10.4\ArcToolbox\Toolboxes\Data Management Tools.tbx\CalculateField" Date="20170927" Time="121059">CalculateField ROADS OTC_COUNTY_R "OTTER TAIL" VB #</Process><Process ToolSource="c:\program files (x86)\arcgis\desktop10.4\ArcToolbox\Toolboxes\Data Management Tools.tbx\CalculateField" Date="20170927" Time="143607">CalculateField ROADS OTC_COUNTY_L "OTTER TAIL" VB #</Process><Process ToolSource="c:\program files (x86)\arcgis\desktop10.4\ArcToolbox\Toolboxes\Data Management Tools.tbx\CalculateField" Date="20170927" Time="143620">CalculateField ROADS OTC_COUNTY_R "OTTER TAIL" VB #</Process><Process ToolSource="c:\program files (x86)\arcgis\desktop10.4\ArcToolbox\Toolboxes\Data Management Tools.tbx\CalculateField" Date="20170927" Time="143709">CalculateField ROADS OTC_COUNTY_L "OTTER TAIL" VB #</Process><Process ToolSource="c:\program files (x86)\arcgis\desktop10.4\ArcToolbox\Toolboxes\Data Management Tools.tbx\CalculateField" Date="20170927" Time="143719">CalculateField ROADS OTC_COUNTY_R "OTTER TAIL" VB #</Process><Process ToolSource="c:\program files (x86)\arcgis\desktop10.4\ArcToolbox\Toolboxes\Data Management Tools.tbx\CalculateField" Date="20170927" Time="154310">CalculateField ROADS OTC_COUNTY_L "OTTER TAIL" VB #</Process><Process ToolSource="c:\program files (x86)\arcgis\desktop10.4\ArcToolbox\Toolboxes\Data Management Tools.tbx\CalculateField" Date="20170927" Time="154320">CalculateField ROADS OTC_COUNTY_R "OTTER TAIL" VB #</Process><Process ToolSource="c:\program files (x86)\arcgis\desktop10.4\ArcToolbox\Toolboxes\Data Management Tools.tbx\CalculateField" Date="20170927" Time="154353">CalculateField ROADS OTC_COUNTY_L "OTTER TAIL" VB #</Process><Process ToolSource="c:\program files (x86)\arcgis\desktop10.4\ArcToolbox\Toolboxes\Data Management Tools.tbx\CalculateField" Date="20170927" Time="154405">CalculateField ROADS OTC_COUNTY_R "OTTER TAIL" VB #</Process><Process ToolSource="c:\program files (x86)\arcgis\desktop10.4\ArcToolbox\Toolboxes\Data Management Tools.tbx\CalculateField" Date="20171109" Time="124758">CalculateField ROADS OTC_PARITY_R "E" VB #</Process><Process ToolSource="c:\program files (x86)\arcgis\desktop10.4\ArcToolbox\Toolboxes\Data Management Tools.tbx\CalculateField" Date="20171109" Time="125036">CalculateField ROADS OTC_PARITY_L "O" VB #</Process><Process ToolSource="c:\program files (x86)\arcgis\desktop10.4\ArcToolbox\Toolboxes\Data Management Tools.tbx\CalculateField" Date="20171109" Time="125106">CalculateField ROADS OTC_PARITY_L "O" VB #</Process><Process ToolSource="c:\program files (x86)\arcgis\desktop10.4\ArcToolbox\Toolboxes\Data Management Tools.tbx\CalculateField" Date="20171109" Time="125127">CalculateField ROADS OTC_PARITY_L "E" VB #</Process><Process ToolSource="c:\program files (x86)\arcgis\desktop10.4\ArcToolbox\Toolboxes\Data Management Tools.tbx\CalculateField" Date="20171109" Time="125144">CalculateField ROADS OTC_PARITY_R "O" VB #</Process><Process ToolSource="c:\program files (x86)\arcgis\desktop10.4\ArcToolbox\Toolboxes\Data Management Tools.tbx\CalculateField" Date="20171109" Time="132136">CalculateField ROADS MSAGLEFT "City of Battle Lake" VB #</Process><Process ToolSource="c:\program files (x86)\arcgis\desktop10.4\ArcToolbox\Toolboxes\Data Management Tools.tbx\CalculateField" Date="20171109" Time="132152">CalculateField ROADS MSAGRIGHT "City of Battle Lake" VB #</Process><Process ToolSource="c:\program files (x86)\arcgis\desktop10.4\ArcToolbox\Toolboxes\Data Management Tools.tbx\CalculateField" Date="20171109" Time="133136">CalculateField ROADS OTC_COUNTY_L "OTTER TAIL" VB #</Process><Process ToolSource="c:\program files (x86)\arcgis\desktop10.4\ArcToolbox\Toolboxes\Data Management Tools.tbx\CalculateField" Date="20171109" Time="133302">CalculateField ROADS OTC_COUNTY_L "WILKIN" VB #</Process><Process ToolSource="c:\program files (x86)\arcgis\desktop10.4\ArcToolbox\Toolboxes\Data Management Tools.tbx\CalculateField" Date="20171109" Time="133601">CalculateField ROADS OTC_PSAP_L "OTTL" VB #</Process><Process ToolSource="c:\program files (x86)\arcgis\desktop10.4\ArcToolbox\Toolboxes\Data Management Tools.tbx\CalculateField" Date="20171109" Time="133734">CalculateField ROADS OTC_PSAP_R "OTTL" VB #</Process><Process ToolSource="c:\program files (x86)\arcgis\desktop10.4\ArcToolbox\Toolboxes\Data Management Tools.tbx\CalculateField" Date="20171109" Time="134134">CalculateField ROADS OTC_PSAP_L "BCKR" VB #</Process><Process ToolSource="c:\program files (x86)\arcgis\desktop10.4\ArcToolbox\Toolboxes\Data Management Tools.tbx\CalculateField" Date="20171109" Time="134155">CalculateField ROADS OTC_PSAP_R "BCKR" VB #</Process><Process ToolSource="c:\program files (x86)\arcgis\desktop10.4\ArcToolbox\Toolboxes\Data Management Tools.tbx\CalculateField" Date="20171109" Time="134348">CalculateField ROADS OTC_PSAP_R "OTTL" VB #</Process><Process ToolSource="c:\program files (x86)\arcgis\desktop10.4\ArcToolbox\Toolboxes\Data Management Tools.tbx\CalculateField" Date="20171109" Time="134359">CalculateField ROADS OTC_PSAP_L "RRRDC" VB #</Process><Process ToolSource="c:\program files (x86)\arcgis\desktop10.4\ArcToolbox\Toolboxes\Data Management Tools.tbx\CalculateField" Date="20171109" Time="134424">CalculateField ROADS OTC_PSAP_L "OTTL" VB #</Process><Process ToolSource="c:\program files (x86)\arcgis\desktop10.4\ArcToolbox\Toolboxes\Data Management Tools.tbx\CalculateField" Date="20171109" Time="134441">CalculateField ROADS OTC_PSAP_R "OTTL" VB #</Process><Process ToolSource="c:\program files (x86)\arcgis\desktop10.4\ArcToolbox\Toolboxes\Data Management Tools.tbx\CalculateField" Date="20171109" Time="141156">CalculateField ROADS OTC_GIS911POC "OTTER TAIL" VB #</Process><Process ToolSource="c:\program files (x86)\arcgis\desktop10.5\ArcToolbox\Toolboxes\Data Management Tools.tbx\CalculateField" Date="20180502" Time="113902">CalculateField "Road Centerlines" OTC_OT "No" VB #</Process><Process ToolSource="c:\program files (x86)\arcgis\desktop10.5\ArcToolbox\Toolboxes\Data Management Tools.tbx\CalculateField" Date="20180502" Time="114113">CalculateField "Road Centerlines" OTC_VMD "No" VB #</Process><Process ToolSource="c:\program files (x86)\arcgis\desktop10.5\ArcToolbox\Toolboxes\Data Management Tools.tbx\CalculateField" Date="20180502" Time="114304">CalculateField "Road Centerlines" OTC_VT "No" VB #</Process><Process ToolSource="c:\program files (x86)\arcgis\desktop10.6\ArcToolbox\Toolboxes\Data Management Tools.tbx\CalculateField" Date="20181109" Time="154101">CalculateField Roads OTC_PRE_TYPE NULL VB #</Process><Process ToolSource="c:\program files (x86)\arcgis\desktop10.6\ArcToolbox\Toolboxes\Data Management Tools.tbx\CalculateField" Date="20181109" Time="154225">CalculateField Roads OTC_PRE_DIR NULL VB #</Process><Process ToolSource="c:\program files (x86)\arcgis\desktop10.6\ArcToolbox\Toolboxes\Data Management Tools.tbx\CalculateField" Date="20181109" Time="154741">CalculateField Roads OTC_SUF_DIR NULL VB #</Process><Process ToolSource="c:\program files (x86)\arcgis\desktop10.6\ArcToolbox\Toolboxes\Data Management Tools.tbx\CalculateField" Date="20181204" Time="104735">CalculateField OTC_LGIM.DBO.RoadCenterline FULLNAME UCase( [FULLNAME] ) VB #</Process><Process ToolSource="c:\program files (x86)\arcgis\desktop10.6\ArcToolbox\Toolboxes\Data Management Tools.tbx\CalculateField" Date="20181205" Time="140954">CalculateField OTC_LGIM.DBO.RoadCenterline OTC_CTU_ID_L "00663375" VB #</Process><Process ToolSource="c:\program files (x86)\arcgis\desktop10.6\ArcToolbox\Toolboxes\Data Management Tools.tbx\CalculateField" Date="20181205" Time="141018">CalculateField OTC_LGIM.DBO.RoadCenterline OTC_CTU_ID_R "00663375" VB #</Process><Process ToolSource="c:\program files (x86)\arcgis\desktop10.6\ArcToolbox\Toolboxes\Data Management Tools.tbx\CalculateField" Date="20181205" Time="141149">CalculateField OTC_LGIM.DBO.RoadCenterline OTC_CTU_ID_L "00663393" VB #</Process><Process ToolSource="c:\program files (x86)\arcgis\desktop10.6\ArcToolbox\Toolboxes\Data Management Tools.tbx\CalculateField" Date="20181211" Time="100738">CalculateField OTC_LGIM.DBO.RoadCenterline OTC_PRE_TYPE "US HWY" VB #</Process><Process ToolSource="c:\program files (x86)\arcgis\desktop10.6\ArcToolbox\Toolboxes\Data Management Tools.tbx\CalculateField" Date="20181211" Time="101142">CalculateField OTC_LGIM.DBO.RoadCenterline OTC_ST_NAME "59" VB #</Process><Process ToolSource="c:\program files (x86)\arcgis\desktop10.6\ArcToolbox\Toolboxes\Data Management Tools.tbx\CalculateField" Date="20181211" Time="102947">CalculateField OTC_LGIM.DBO.RoadCenterline OTC_PRE_TYPE "CO HWY" VB #</Process><Process ToolSource="c:\program files (x86)\arcgis\desktop10.6\ArcToolbox\Toolboxes\Data Management Tools.tbx\CalculateField" Date="20181211" Time="103522">CalculateField OTC_LGIM.DBO.RoadCenterline OTC_PRE_TYPE "CO HWY" VB #</Process><Process ToolSource="c:\program files (x86)\arcgis\desktop10.6\ArcToolbox\Toolboxes\Data Management Tools.tbx\CalculateField" Date="20181211" Time="103810">CalculateField OTC_LGIM.DBO.RoadCenterline OTC_PRE_TYPE "CO HWY" VB #</Process><Process ToolSource="c:\program files (x86)\arcgis\desktop10.6\ArcToolbox\Toolboxes\Data Management Tools.tbx\CalculateField" Date="20181211" Time="104110">CalculateField OTC_LGIM.DBO.RoadCenterline OTC_PRE_TYPE "CO HWY" VB #</Process><Process ToolSource="c:\program files (x86)\arcgis\desktop10.6\ArcToolbox\Toolboxes\Data Management Tools.tbx\CalculateField" Date="20181211" Time="104204">CalculateField OTC_LGIM.DBO.RoadCenterline OTC_PRE_TYPE "CO HWY" VB #</Process><Process ToolSource="c:\program files (x86)\arcgis\desktop10.6\ArcToolbox\Toolboxes\Data Management Tools.tbx\CalculateField" Date="20181211" Time="104303">CalculateField OTC_LGIM.DBO.RoadCenterline OTC_PRE_TYPE "CO HWY" VB #</Process><Process ToolSource="c:\program files (x86)\arcgis\desktop10.6\ArcToolbox\Toolboxes\Data Management Tools.tbx\CalculateField" Date="20181211" Time="105251">CalculateField OTC_LGIM.DBO.RoadCenterline OTC_ST_NAME [OTC_LABEL] VB #</Process><Process ToolSource="c:\program files (x86)\arcgis\desktop10.6\ArcToolbox\Toolboxes\Data Management Tools.tbx\CalculateField" Date="20181211" Time="105307">CalculateField OTC_LGIM.DBO.RoadCenterline OTC_PRE_TYPE "STATE HWY" VB #</Process><Process ToolSource="c:\program files (x86)\arcgis\desktop10.6\ArcToolbox\Toolboxes\Data Management Tools.tbx\CalculateField" Date="20181211" Time="105402">CalculateField OTC_LGIM.DBO.RoadCenterline OTC_ST_NAME [OTC_LABEL] VB #</Process><Process ToolSource="c:\program files (x86)\arcgis\desktop10.6\ArcToolbox\Toolboxes\Data Management Tools.tbx\CalculateField" Date="20181211" Time="110241">CalculateField OTC_LGIM.DBO.RoadCenterline OTC_ST_NAME [OTC_LABEL] VB #</Process><Process ToolSource="c:\program files (x86)\arcgis\desktop10.6\ArcToolbox\Toolboxes\Data Management Tools.tbx\CalculateField" Date="20181211" Time="110344">CalculateField OTC_LGIM.DBO.RoadCenterline CTYROUTE [OTC_LABEL] VB #</Process><Process ToolSource="c:\program files (x86)\arcgis\desktop10.6\ArcToolbox\Toolboxes\Data Management Tools.tbx\CalculateField" Date="20181211" Time="110354">CalculateField OTC_LGIM.DBO.RoadCenterline OTC_ST_NAME [OTC_LABEL] VB #</Process><Process ToolSource="c:\program files (x86)\arcgis\desktop10.6\ArcToolbox\Toolboxes\Data Management Tools.tbx\CalculateField" Date="20190327" Time="123726">CalculateField OTC_LGIM.DBO.RoadCenterline OTC_PRE_TYPE "INTERSTATE" VB #</Process><Process ToolSource="c:\program files (x86)\arcgis\desktop10.7\ArcToolbox\Toolboxes\Data Management Tools.tbx\CalculateField" Date="20190712" Time="150228">CalculateField RoadCenterline MUNILEFT "OTTER TAIL COUNTY" VB #</Process><Process ToolSource="c:\program files (x86)\arcgis\desktop10.7\ArcToolbox\Toolboxes\Data Management Tools.tbx\CalculateField" Date="20200310" Time="092817">CalculateField "Roads weight limit" OTC_WT_LIMIT NULL VB #</Process><Process ToolSource="c:\program files (x86)\arcgis\desktop10.7\ArcToolbox\Toolboxes\Editing Tools.tbx\Densify" Date="20200608" Time="123424">Densify "Roads\Roads 0-100k" ANGLE "20 Feet" "1 Feet" 5</Process><Process ToolSource="c:\program files (x86)\arcgis\desktop10.7\ArcToolbox\Toolboxes\Data Management Tools.tbx\DeleteRows" Date="20200608" Time="125332">DeleteRows OTC_LGIM.DBO.RoadCenterline</Process><Process ToolSource="c:\program files (x86)\arcgis\desktop10.7\ArcToolbox\Toolboxes\Data Management Tools.tbx\Append" Date="20200608" Time="125502">Append OTC_LGIM.DBO.road_save OTC_LGIM.DBO.RoadCenterline NO_TEST "CENTERLINEID "Centerline ID" true true false 20 Text 0 0 ,First,#,OTC_LGIM.DBO.road_save,CENTERLINEID,-1,-1;FROMLEFT "Left From Address" true true false 4 Long 0 10 ,First,#,OTC_LGIM.DBO.road_save,FROMLEFT,-1,-1;TOLEFT "Left To Address" true true false 4 Long 0 10 ,First,#,OTC_LGIM.DBO.road_save,TOLEFT,-1,-1;FROMRIGHT "Right From Address" true true false 4 Long 0 10 ,First,#,OTC_LGIM.DBO.road_save,FROMRIGHT,-1,-1;TORIGHT "Right To Address" true true false 4 Long 0 10 ,First,#,OTC_LGIM.DBO.road_save,TORIGHT,-1,-1;FULLNAME "Full Road Name" true true false 125 Text 0 0 ,First,#,OTC_LGIM.DBO.road_save,FULLNAME,-1,-1;FEDROUTE "Federal Route" true true false 10 Text 0 0 ,First,#,OTC_LGIM.DBO.road_save,FEDROUTE,-1,-1;FEDRTETYPE "Federal Route Type" true true false 20 Text 0 0 ,First,#,OTC_LGIM.DBO.road_save,FEDRTETYPE,-1,-1;AFEDRTE "Alternate Federal Route" true true false 10 Text 0 0 ,First,#,OTC_LGIM.DBO.road_save,AFEDRTE,-1,-1;AFEDRTETYPE "Alternate Federal Route Type" true true false 20 Text 0 0 ,First,#,OTC_LGIM.DBO.road_save,AFEDRTETYPE,-1,-1;STROUTE "State Route" true true false 10 Text 0 0 ,First,#,OTC_LGIM.DBO.road_save,STROUTE,-1,-1;STRTETYPE "State Route Type" true true false 20 Text 0 0 ,First,#,OTC_LGIM.DBO.road_save,STRTETYPE,-1,-1;ASTRTE "Alternate State Route" true true false 10 Text 0 0 ,First,#,OTC_LGIM.DBO.road_save,ASTRTE,-1,-1;ASTRTETYPE "Alternate State Route Type" true true false 20 Text 0 0 ,First,#,OTC_LGIM.DBO.road_save,ASTRTETYPE,-1,-1;CTYROUTE "County Route" true true false 10 Text 0 0 ,First,#,OTC_LGIM.DBO.road_save,CTYROUTE,-1,-1;ONEWAYDIR "One Way Indicator" true true false 10 Text 0 0 ,First,#,OTC_LGIM.DBO.road_save,ONEWAYDIR,-1,-1;ROADLEVEL "Above or Below Grade" true true false 4 Long 0 10 ,First,#,OTC_LGIM.DBO.road_save,ROADLEVEL,-1,-1;INWATER "In Water" true true false 5 Text 0 0 ,First,#,OTC_LGIM.DBO.road_save,INWATER,-1,-1;ROADCLASS "Road Class" true true false 20 Text 0 0 ,First,#,OTC_LGIM.DBO.road_save,ROADCLASS,-1,-1;MTFCC "Census MTFCC Code" true true false 5 Text 0 0 ,First,#,OTC_LGIM.DBO.road_save,MTFCC,-1,-1;OWNEDBY "Owned By" true true false 2 Short 0 5 ,First,#,OTC_LGIM.DBO.road_save,OWNEDBY,-1,-1;MAINTBY "Maintained By" true true false 2 Short 0 5 ,First,#,OTC_LGIM.DBO.road_save,MAINTBY,-1,-1;MUNILEFT "Municipality on Left" true true false 100 Text 0 0 ,First,#,OTC_LGIM.DBO.road_save,MUNILEFT,-1,-1;MUNIRIGHT "Municipality on Right" true true false 100 Text 0 0 ,First,#,OTC_LGIM.DBO.road_save,MUNIRIGHT,-1,-1;STATELEFT "State on Left" true true false 2 Text 0 0 ,First,#,OTC_LGIM.DBO.road_save,STATELEFT,-1,-1;STATERIGHT "State on Right" true true false 2 Text 0 0 ,First,#,OTC_LGIM.DBO.road_save,STATERIGHT,-1,-1;ZIPLEFT "Zip on Left" true true false 5 Text 0 0 ,First,#,OTC_LGIM.DBO.road_save,ZIPLEFT,-1,-1;ZIPRIGHT "Zip on Right" true true false 5 Text 0 0 ,First,#,OTC_LGIM.DBO.road_save,ZIPRIGHT,-1,-1;MSAGLEFT "MSAG on Left" true true false 35 Text 0 0 ,First,#,OTC_LGIM.DBO.road_save,MSAGLEFT,-1,-1;MSAGRIGHT "MSAG on Right" true true false 35 Text 0 0 ,First,#,OTC_LGIM.DBO.road_save,MSAGRIGHT,-1,-1;ESNLEFT "ESN on Left" true true false 5 Text 0 0 ,First,#,OTC_LGIM.DBO.road_save,ESNLEFT,-1,-1;ESNRIGHT "ESN on Right" true true false 5 Text 0 0 ,First,#,OTC_LGIM.DBO.road_save,ESNRIGHT,-1,-1;LASTUPDATE "Last Update Date" true true false 8 Date 0 0 ,First,#,OTC_LGIM.DBO.road_save,LASTUPDATE,-1,-1;LASTEDITOR "Last Editor" true true false 50 Text 0 0 ,First,#,OTC_LGIM.DBO.road_save,LASTEDITOR,-1,-1;OTC_LABEL "Label" true true false 10 Text 0 0 ,First,#,OTC_LGIM.DBO.road_save,OTC_LABEL,-1,-1;OTC_WT_LIMIT "OTC_WT_LIMIT" true true false 2 Short 0 5 ,First,#,OTC_LGIM.DBO.road_save,OTC_WT_LIMIT,-1,-1;OTC_LAYER "LAYER" true true false 23 Text 0 0 ,First,#,OTC_LGIM.DBO.road_save,OTC_LAYER,-1,-1;OTC_OT "Otter Trail" true true false 5 Text 0 0 ,First,#,OTC_LGIM.DBO.road_save,OTC_OT,-1,-1;OTC_VMD "Veterans Memorial Drive" true true false 5 Text 0 0 ,First,#,OTC_LGIM.DBO.road_save,OTC_VMD,-1,-1;OTC_VT "Viking Trail" true true false 5 Text 0 0 ,First,#,OTC_LGIM.DBO.road_save,OTC_VT,-1,-1;OTC_TWP_REC "Recorded Township Road" true true false 5 Text 0 0 ,First,#,OTC_LGIM.DBO.road_save,OTC_TWP_REC,-1,-1;OTC_SVY "Surveyed" true true false 5 Text 0 0 ,First,#,OTC_LGIM.DBO.road_save,OTC_SVY,-1,-1;OTC_RC "Road Class" true true false 2 Short 0 5 ,First,#,OTC_LGIM.DBO.road_save,OTC_RC,-1,-1;OTC_PRE_TYPE "Pre Type" true true false 10 Text 0 0 ,First,#,OTC_LGIM.DBO.road_save,OTC_PRE_TYPE,-1,-1;OTC_PRE_DIR "Pre Directional" true true false 9 Text 0 0 ,First,#,OTC_LGIM.DBO.road_save,OTC_PRE_DIR,-1,-1;OTC_ST_NAME "Street Name" true true false 22 Text 0 0 ,First,#,OTC_LGIM.DBO.road_save,OTC_ST_NAME,-1,-1;OTC_ST_TYPE "Street Type" true true false 9 Text 0 0 ,First,#,OTC_LGIM.DBO.road_save,OTC_ST_TYPE,-1,-1;OTC_SUF_DIR "Post Directional" true true false 8 Text 0 0 ,First,#,OTC_LGIM.DBO.road_save,OTC_SUF_DIR,-1,-1;OTC_IN_CTY "Road In County" true true false 5 Text 0 0 ,First,#,OTC_LGIM.DBO.road_save,OTC_IN_CTY,-1,-1;OTC_LOW "OTC_LOW" true true false 4 Long 0 10 ,First,#,OTC_LGIM.DBO.road_save,OTC_LOW,-1,-1;OTC_HIGH "OTC_HIGH" true true false 4 Long 0 10 ,First,#,OTC_LGIM.DBO.road_save,OTC_HIGH,-1,-1;OTC_UNIQUE_ID "UNIQUE_ID" true true false 36 Text 0 0 ,First,#,OTC_LGIM.DBO.road_save,OTC_UNIQUE_ID,-1,-1;OTC_CTU_NAME_L "OTC_CTU_NAME_L" true true false 100 Text 0 0 ,First,#,OTC_LGIM.DBO.road_save,OTC_CTU_NAME_L,-1,-1;OTC_CTU_NAME_R "OTC_CTU_NAME_R" true true false 100 Text 0 0 ,First,#,OTC_LGIM.DBO.road_save,OTC_CTU_NAME_R,-1,-1;OTC_CTU_ID_L "Left CTU Code" true true false 8 Text 0 0 ,First,#,OTC_LGIM.DBO.road_save,OTC_CTU_ID_L,-1,-1;OTC_CTU_ID_R "Right CTU Code" true true false 8 Text 0 0 ,First,#,OTC_LGIM.DBO.road_save,OTC_CTU_ID_R,-1,-1;OTC_POSTCOMM_L "POSTAL COMMUNITY LEFT" true true false 50 Text 0 0 ,First,#,OTC_LGIM.DBO.road_save,OTC_POSTCOMM_L,-1,-1;OTC_POSTCOMM_R "POSTAL COMMUNITY RIGHT" true true false 50 Text 0 0 ,First,#,OTC_LGIM.DBO.road_save,OTC_POSTCOMM_R,-1,-1;OTC_COUNTY_L "COUNTY LEFT" true true false 40 Text 0 0 ,First,#,OTC_LGIM.DBO.road_save,OTC_COUNTY_L,-1,-1;OTC_COUNTY_R "COUNTY RIGHT" true true false 40 Text 0 0 ,First,#,OTC_LGIM.DBO.road_save,OTC_COUNTY_R,-1,-1;OTC_PARITY_L "OTC_PARITY_L" true true false 1 Text 0 0 ,First,#,OTC_LGIM.DBO.road_save,OTC_PARITY_L,-1,-1;OTC_PARITY_R "OTC_PARITY_R" true true false 1 Text 0 0 ,First,#,OTC_LGIM.DBO.road_save,OTC_PARITY_R,-1,-1;OTC_SPEEDLIMIT "OTC_SPEEDLIMIT" true true false 3 Text 0 0 ,First,#,OTC_LGIM.DBO.road_save,OTC_SPEEDLIMIT,-1,-1;OTC_PSAP_L "OTC_PSAP_L" true true false 5 Text 0 0 ,First,#,OTC_LGIM.DBO.road_save,OTC_PSAP_L,-1,-1;OTC_PSAP_R "OTC_PSAP_R" true true false 5 Text 0 0 ,First,#,OTC_LGIM.DBO.road_save,OTC_PSAP_R,-1,-1;OTC_GIS911POC "OTCGIS_911GISPOC" true true false 25 Text 0 0 ,First,#,OTC_LGIM.DBO.road_save,OTC_GIS911POC,-1,-1;GlobalID "GlobalID" false false false 38 GlobalID 0 0 ,First,#,OTC_LGIM.DBO.road_save,GlobalID,-1,-1;SHAPE.STLength() "SHAPE.STLength()" false false true 0 Double 0 0 ,First,#,OTC_LGIM.DBO.road_save,SHAPE.STLength(),-1,-1" #</Process><Process ToolSource="c:\program files (x86)\arcgis\desktop10.7\ArcToolbox\Toolboxes\Data Management Tools.tbx\CalculateField" Date="20200807" Time="091054">CalculateField "Road Centerlines" OTC_UNIQUE_ID [GlobalID] VB #</Process><Process ToolSource="c:\program files (x86)\arcgis\desktop10.7\ArcToolbox\Toolboxes\Data Management Tools.tbx\CalculateField" Date="20200902" Time="124514">CalculateField OTC_LGIM.DBO.RoadCenterline OTC_SUF_DIR "SW" VB #</Process><Process ToolSource="c:\program files (x86)\arcgis\desktop10.7\ArcToolbox\Toolboxes\Data Management Tools.tbx\RecalculateFeatureClassExtent" Date="20201208" Time="144534">RecalculateFeatureClassExtent OTC_LGIM.DBO.RoadCenterline</Process><Process ToolSource="c:\program files (x86)\arcgis\desktop10.7\ArcToolbox\Toolboxes\Data Management Tools.tbx\CalculateField" Date="20210405" Time="084326">CalculateField RoadCenterline OTC_UNIQUE_ID [GlobalID] VB #</Process><Process ToolSource="c:\program files (x86)\arcgis\desktop10.7\ArcToolbox\Toolboxes\Data Management Tools.tbx\CalculateField" Date="20210405" Time="112730">CalculateField RoadCenterline OTC_UNIQUE_ID Right( [GlobalID],36 ) VB #</Process><Process ToolSource="c:\program files (x86)\arcgis\desktop10.7\ArcToolbox\Toolboxes\Data Management Tools.tbx\CalculateField" Date="20210405" Time="112822">CalculateField RoadCenterline OTC_UNIQUE_ID Right( [GlobalID],37 ) VB #</Process><Process ToolSource="c:\program files (x86)\arcgis\desktop10.7\ArcToolbox\Toolboxes\Data Management Tools.tbx\CalculateField" Date="20210405" Time="112903">CalculateField RoadCenterline OTC_UNIQUE_ID NULL VB #</Process><Process ToolSource="c:\program files (x86)\arcgis\desktop10.7\ArcToolbox\Toolboxes\Data Management Tools.tbx\CalculateField" Date="20210405" Time="112930">CalculateField RoadCenterline OTC_UNIQUE_ID NULL VB #</Process><Process ToolSource="c:\program files (x86)\arcgis\desktop10.7\ArcToolbox\Toolboxes\Data Management Tools.tbx\CalculateField" Date="20210405" Time="112953">CalculateField RoadCenterline OTC_UNIQUE_ID NULL VB #</Process><Process ToolSource="c:\program files (x86)\arcgis\desktop10.7\ArcToolbox\Toolboxes\Data Management Tools.tbx\CalculateField" Date="20210405" Time="113022">CalculateField RoadCenterline OTC_UNIQUE_ID NULL VB #</Process><Process ToolSource="c:\program files (x86)\arcgis\desktop10.7\ArcToolbox\Toolboxes\Data Management Tools.tbx\CalculateField" Date="20210405" Time="113047">CalculateField RoadCenterline OTC_UNIQUE_ID NULL VB #</Process><Process ToolSource="c:\program files (x86)\arcgis\desktop10.7\ArcToolbox\Toolboxes\Data Management Tools.tbx\CalculateField" Date="20210405" Time="113921">CalculateField RoadCenterline OTC_UNIQUE_ID [GlobalID] VB #</Process><Process ToolSource="c:\program files (x86)\arcgis\desktop10.7\ArcToolbox\Toolboxes\Data Management Tools.tbx\CalculateField" Date="20210405" Time="114026">CalculateField RoadCenterline OTC_UNIQUE_ID Left( [OTC_UNIQUE_ID],37 ) VB #</Process><Process ToolSource="c:\program files (x86)\arcgis\desktop10.7\ArcToolbox\Toolboxes\Data Management Tools.tbx\CalculateField" Date="20210405" Time="114125">CalculateField RoadCenterline OTC_UNIQUE_ID Right( [OTC_UNIQUE_ID],36 ) VB #</Process><Process ToolSource="c:\program files (x86)\arcgis\desktop10.7\ArcToolbox\Toolboxes\Data Management Tools.tbx\CalculateField" Date="20210623" Time="154502">CalculateField "Road Centerlines" OTC_UNIQUE_ID Left( [GlobalID],3) VB #</Process><Process ToolSource="c:\program files (x86)\arcgis\desktop10.7\ArcToolbox\Toolboxes\Data Management Tools.tbx\CalculateField" Date="20210623" Time="154624">CalculateField "Road Centerlines" OTC_UNIQUE_ID Left( [GlobalID],37) VB #</Process><Process ToolSource="c:\program files (x86)\arcgis\desktop10.7\ArcToolbox\Toolboxes\Data Management Tools.tbx\CalculateField" Date="20210623" Time="154702">CalculateField "Road Centerlines" OTC_UNIQUE_ID Right(Left( [GlobalID],37),36) VB #</Process><Process ToolSource="c:\program files (x86)\arcgis\desktop10.7\ArcToolbox\Toolboxes\Data Management Tools.tbx\CalculateField" Date="20220112" Time="114346">CalculateField OTC_LGIM.DBO.RoadCenterline CENTERLINEID Trim( [CENTERLINEID]) VB #</Process><Process ToolSource="c:\program files (x86)\arcgis\desktop10.7\ArcToolbox\Toolboxes\Data Management Tools.tbx\CalculateField" Date="20220112" Time="114359">CalculateField OTC_LGIM.DBO.RoadCenterline CENTERLINEID Trim( [CENTERLINEID]) VB #</Process><Process ToolSource="c:\program files (x86)\arcgis\desktop10.7\ArcToolbox\Toolboxes\Data Management Tools.tbx\CalculateField" Date="20220112" Time="114418">CalculateField OTC_LGIM.DBO.RoadCenterline FROMLEFT Trim( [FROMLEFT]) VB #</Process><Process ToolSource="c:\program files (x86)\arcgis\desktop10.7\ArcToolbox\Toolboxes\Data Management Tools.tbx\CalculateField" Date="20220112" Time="114440">CalculateField OTC_LGIM.DBO.RoadCenterline FULLNAME Trim( [FULLNAME]) VB #</Process><Process ToolSource="c:\program files (x86)\arcgis\desktop10.7\ArcToolbox\Toolboxes\Data Management Tools.tbx\CalculateField" Date="20220112" Time="114603">CalculateField OTC_LGIM.DBO.RoadCenterline MUNILEFT Trim( [MUNILEFT] ) VB #</Process><Process ToolSource="c:\program files (x86)\arcgis\desktop10.7\ArcToolbox\Toolboxes\Data Management Tools.tbx\CalculateField" Date="20220112" Time="114617">CalculateField OTC_LGIM.DBO.RoadCenterline MUNIRIGHT Trim( [MUNIRIGHT] ) VB #</Process><Process ToolSource="c:\program files (x86)\arcgis\desktop10.7\ArcToolbox\Toolboxes\Data Management Tools.tbx\CalculateField" Date="20220112" Time="114636">CalculateField OTC_LGIM.DBO.RoadCenterline ZIPLEFT Trim( [ZIPLEFT]) VB #</Process><Process ToolSource="c:\program files (x86)\arcgis\desktop10.7\ArcToolbox\Toolboxes\Data Management Tools.tbx\CalculateField" Date="20220112" Time="114653">CalculateField OTC_LGIM.DBO.RoadCenterline ZIPRIGHT Trim( [ZIPRIGHT]) VB #</Process><Process ToolSource="c:\program files (x86)\arcgis\desktop10.7\ArcToolbox\Toolboxes\Data Management Tools.tbx\CalculateField" Date="20220112" Time="114714">CalculateField OTC_LGIM.DBO.RoadCenterline MSAGLEFT Trim( [MSAGLEFT] ) VB #</Process><Process ToolSource="c:\program files (x86)\arcgis\desktop10.7\ArcToolbox\Toolboxes\Data Management Tools.tbx\CalculateField" Date="20220112" Time="114729">CalculateField OTC_LGIM.DBO.RoadCenterline MSAGRIGHT Trim( [MSAGRIGHT] ) VB #</Process><Process ToolSource="c:\program files (x86)\arcgis\desktop10.7\ArcToolbox\Toolboxes\Data Management Tools.tbx\CalculateField" Date="20220112" Time="114743">CalculateField OTC_LGIM.DBO.RoadCenterline ESNLEFT Trim( [ESNLEFT] ) VB #</Process><Process ToolSource="c:\program files (x86)\arcgis\desktop10.7\ArcToolbox\Toolboxes\Data Management Tools.tbx\CalculateField" Date="20220112" Time="114752">CalculateField OTC_LGIM.DBO.RoadCenterline ESNRIGHT Trim( [ESNRIGHT] ) VB #</Process><Process ToolSource="c:\program files (x86)\arcgis\desktop10.7\ArcToolbox\Toolboxes\Data Management Tools.tbx\CalculateField" Date="20220112" Time="114810">CalculateField OTC_LGIM.DBO.RoadCenterline OTC_LABEL Trim( [OTC_LABEL] ) VB #</Process><Process ToolSource="c:\program files (x86)\arcgis\desktop10.7\ArcToolbox\Toolboxes\Data Management Tools.tbx\CalculateField" Date="20220112" Time="114821">CalculateField OTC_LGIM.DBO.RoadCenterline OTC_WT_LIMIT Trim( [OTC_WT_LIMIT] ) VB #</Process><Process ToolSource="c:\program files (x86)\arcgis\desktop10.7\ArcToolbox\Toolboxes\Data Management Tools.tbx\CalculateField" Date="20220112" Time="115230">CalculateField OTC_LGIM.DBO.RoadCenterline OTC_PRE_TYPE Trim( [OTC_PRE_TYPE]) VB #</Process><Process ToolSource="c:\program files (x86)\arcgis\desktop10.7\ArcToolbox\Toolboxes\Data Management Tools.tbx\CalculateField" Date="20220112" Time="115245">CalculateField OTC_LGIM.DBO.RoadCenterline OTC_PRE_DIR Trim( [OTC_PRE_DIR]) VB #</Process><Process ToolSource="c:\program files (x86)\arcgis\desktop10.7\ArcToolbox\Toolboxes\Data Management Tools.tbx\CalculateField" Date="20220112" Time="115258">CalculateField OTC_LGIM.DBO.RoadCenterline OTC_ST_NAME Trim( [OTC_ST_NAME]) VB #</Process><Process ToolSource="c:\program files (x86)\arcgis\desktop10.7\ArcToolbox\Toolboxes\Data Management Tools.tbx\CalculateField" Date="20220112" Time="115311">CalculateField OTC_LGIM.DBO.RoadCenterline OTC_ST_TYPE Trim( [OTC_ST_TYPE]) VB #</Process><Process ToolSource="c:\program files (x86)\arcgis\desktop10.7\ArcToolbox\Toolboxes\Data Management Tools.tbx\CalculateField" Date="20220112" Time="115328">CalculateField OTC_LGIM.DBO.RoadCenterline OTC_SUF_DIR Trim( [OTC_SUF_DIR]) VB #</Process><Process ToolSource="c:\program files (x86)\arcgis\desktop10.7\ArcToolbox\Toolboxes\Data Management Tools.tbx\CalculateField" Date="20220112" Time="115353">CalculateField OTC_LGIM.DBO.RoadCenterline OTC_UNIQUE_ID Trim( [OTC_UNIQUE_ID] ) VB #</Process><Process ToolSource="c:\program files (x86)\arcgis\desktop10.7\ArcToolbox\Toolboxes\Data Management Tools.tbx\CalculateField" Date="20220112" Time="115406">CalculateField OTC_LGIM.DBO.RoadCenterline OTC_CTU_NAME_L Trim( [OTC_CTU_NAME_L] ) VB #</Process><Process ToolSource="c:\program files (x86)\arcgis\desktop10.7\ArcToolbox\Toolboxes\Data Management Tools.tbx\CalculateField" Date="20220112" Time="115415">CalculateField OTC_LGIM.DBO.RoadCenterline OTC_CTU_NAME_R Trim( [OTC_CTU_NAME_R] ) VB #</Process><Process ToolSource="c:\program files (x86)\arcgis\desktop10.7\ArcToolbox\Toolboxes\Data Management Tools.tbx\CalculateField" Date="20220112" Time="115435">CalculateField OTC_LGIM.DBO.RoadCenterline OTC_CTU_ID_L Trim( [OTC_CTU_ID_L] ) VB #</Process><Process ToolSource="c:\program files (x86)\arcgis\desktop10.7\ArcToolbox\Toolboxes\Data Management Tools.tbx\CalculateField" Date="20220112" Time="115443">CalculateField OTC_LGIM.DBO.RoadCenterline OTC_CTU_ID_R Trim( [OTC_CTU_ID_R] ) VB #</Process><Process ToolSource="c:\program files (x86)\arcgis\desktop10.7\ArcToolbox\Toolboxes\Data Management Tools.tbx\CalculateField" Date="20220112" Time="115500">CalculateField OTC_LGIM.DBO.RoadCenterline OTC_POSTCOMM_L Trim( [OTC_POSTCOMM_L] ) VB #</Process><Process ToolSource="c:\program files (x86)\arcgis\desktop10.7\ArcToolbox\Toolboxes\Data Management Tools.tbx\CalculateField" Date="20220112" Time="115513">CalculateField OTC_LGIM.DBO.RoadCenterline OTC_POSTCOMM_R Trim( [OTC_POSTCOMM_R] ) VB #</Process><Process ToolSource="c:\program files (x86)\arcgis\desktop10.7\ArcToolbox\Toolboxes\Data Management Tools.tbx\CalculateField" Date="20220112" Time="115528">CalculateField OTC_LGIM.DBO.RoadCenterline OTC_COUNTY_L Trim( [OTC_COUNTY_L] ) VB #</Process><Process ToolSource="c:\program files (x86)\arcgis\desktop10.7\ArcToolbox\Toolboxes\Data Management Tools.tbx\CalculateField" Date="20220112" Time="115536">CalculateField OTC_LGIM.DBO.RoadCenterline OTC_COUNTY_R Trim( [OTC_COUNTY_R] ) VB #</Process><Process ToolSource="c:\program files (x86)\arcgis\desktop10.7\ArcToolbox\Toolboxes\Data Management Tools.tbx\CalculateField" Date="20220112" Time="115553">CalculateField OTC_LGIM.DBO.RoadCenterline OTC_PARITY_L Trim( [OTC_PARITY_L] ) VB #</Process><Process ToolSource="c:\program files (x86)\arcgis\desktop10.7\ArcToolbox\Toolboxes\Data Management Tools.tbx\CalculateField" Date="20220112" Time="115600">CalculateField OTC_LGIM.DBO.RoadCenterline OTC_PARITY_R Trim( [OTC_PARITY_R] ) VB #</Process><Process ToolSource="c:\program files (x86)\arcgis\desktop10.7\ArcToolbox\Toolboxes\Data Management Tools.tbx\CalculateField" Date="20220112" Time="115615">CalculateField OTC_LGIM.DBO.RoadCenterline OTC_PSAP_L Trim( [OTC_PSAP_L] ) VB #</Process><Process ToolSource="c:\program files (x86)\arcgis\desktop10.7\ArcToolbox\Toolboxes\Data Management Tools.tbx\CalculateField" Date="20220112" Time="115625">CalculateField OTC_LGIM.DBO.RoadCenterline OTC_PSAP_R Trim( [OTC_PSAP_R] ) VB #</Process><Process ToolSource="c:\program files (x86)\arcgis\desktop10.7\ArcToolbox\Toolboxes\Data Management Tools.tbx\CalculateField" Date="20220112" Time="115639">CalculateField OTC_LGIM.DBO.RoadCenterline OTC_GIS911POC Trim( [OTC_GIS911POC] ) VB #</Process><Process ToolSource="c:\program files (x86)\arcgis\desktop10.7\ArcToolbox\Toolboxes\Data Management Tools.tbx\CalculateField" Date="20220114" Time="104557">CalculateField RoadCenterline OTC_LOW [FROMLEFT] VB #</Process><Process ToolSource="c:\program files (x86)\arcgis\desktop10.7\ArcToolbox\Toolboxes\Data Management Tools.tbx\CalculateField" Date="20220114" Time="104856">CalculateField RoadCenterline OTC_LOW [FROMRIGHT] VB #</Process><Process ToolSource="c:\program files (x86)\arcgis\desktop10.7\ArcToolbox\Toolboxes\Data Management Tools.tbx\CalculateField" Date="20220114" Time="105124">CalculateField RoadCenterline OTC_HIGH [TOLEFT] VB #</Process><Process ToolSource="c:\program files (x86)\arcgis\desktop10.7\ArcToolbox\Toolboxes\Data Management Tools.tbx\CalculateField" Date="20220114" Time="105216">CalculateField RoadCenterline OTC_HIGH [TORIGHT] VB #</Process><Process ToolSource="c:\program files (x86)\arcgis\desktop10.7\ArcToolbox\Toolboxes\Data Management Tools.tbx\CalculateField" Date="20220125" Time="132817">CalculateField "Road Centerlines" RuleID 1 VB #</Process><Process ToolSource="c:\program files (x86)\arcgis\desktop10.7\ArcToolbox\Toolboxes\Data Management Tools.tbx\CalculateField" Date="20220125" Time="132856">CalculateField "Road Centerlines" RuleID 2 VB #</Process><Process ToolSource="c:\program files (x86)\arcgis\desktop10.7\ArcToolbox\Toolboxes\Data Management Tools.tbx\CalculateField" Date="20220125" Time="133006">CalculateField "Road Centerlines" RuleID 5 VB #</Process><Process ToolSource="c:\program files (x86)\arcgis\desktop10.7\ArcToolbox\Toolboxes\Data Management Tools.tbx\CalculateField" Date="20220125" Time="133048">CalculateField "Road Centerlines" RuleID 6 VB #</Process><Process ToolSource="c:\program files (x86)\arcgis\desktop10.7\ArcToolbox\Toolboxes\Data Management Tools.tbx\CalculateField" Date="20220125" Time="133130">CalculateField "Road Centerlines" RuleID 11 VB #</Process><Process ToolSource="c:\program files (x86)\arcgis\desktop10.7\ArcToolbox\Toolboxes\Data Management Tools.tbx\CalculateField" Date="20220125" Time="133145">CalculateField "Road Centerlines" RuleID 12 VB #</Process><Process ToolSource="c:\program files (x86)\arcgis\desktop10.7\ArcToolbox\Toolboxes\Data Management Tools.tbx\CalculateField" Date="20220125" Time="133209">CalculateField "Road Centerlines" RuleID 3 VB #</Process><Process ToolSource="c:\program files (x86)\arcgis\desktop10.7\ArcToolbox\Toolboxes\Data Management Tools.tbx\CalculateField" Date="20220125" Time="133239">CalculateField "Road Centerlines" RuleID 9 VB #</Process><Process ToolSource="c:\program files (x86)\arcgis\desktop10.7\ArcToolbox\Toolboxes\Data Management Tools.tbx\CalculateField" Date="20220125" Time="133258">CalculateField "Road Centerlines" RuleID 10 VB #</Process><Process ToolSource="c:\program files (x86)\arcgis\desktop10.7\ArcToolbox\Toolboxes\Data Management Tools.tbx\CalculateField" Date="20220125" Time="133319">CalculateField "Road Centerlines" RuleID 4 VB #</Process><Process ToolSource="c:\program files (x86)\arcgis\desktop10.7\ArcToolbox\Toolboxes\Data Management Tools.tbx\CalculateField" Date="20220125" Time="133356">CalculateField "Road Centerlines" RuleID 8 VB #</Process><Process ToolSource="c:\program files (x86)\arcgis\desktop10.7\ArcToolbox\Toolboxes\Data Management Tools.tbx\CalculateField" Date="20220125" Time="133425">CalculateField "Road Centerlines" RuleID 7 VB #</Process><Process ToolSource="c:\program files (x86)\arcgis\desktop10.7\ArcToolbox\Toolboxes\Data Management Tools.tbx\CalculateField" Date="20220125" Time="133524">CalculateField "Road Centerlines" RuleID 13 VB #</Process><Process Name="Feature Class to Feature Class (5)" ToolSource="c:\program files (x86)\arcgis\desktop10.7\ArcToolbox\Toolboxes\Conversion Tools.tbx\FeatureClassToFeatureClass" Date="20220330" Time="075744">FeatureClassToFeatureClass "Database Connections\LGIM.sde\OTC_LGIM.DBO.ReferenceData\OTC_LGIM.DBO.RoadCenterline" I:\Web\Shapefile_downloads Roads.shp "OTC_IN_CTY = 'Yes'" "CENTERLINE "Centerline ID" true true false 20 Text 0 0 ,First,#,Database Connections\dbadmin@OTC_LGIM.sde\OTC_LGIM.DBO.ReferenceData\OTC_LGIM.DBO.RoadCenterline,CENTERLINEID,-1,-1;FROMLEFT "Left From Address" true true false 4 Long 0 10 ,First,#,Database Connections\dbadmin@OTC_LGIM.sde\OTC_LGIM.DBO.ReferenceData\OTC_LGIM.DBO.RoadCenterline,FROMLEFT,-1,-1;TOLEFT "Left To Address" true true false 4 Long 0 10 ,First,#,Database Connections\dbadmin@OTC_LGIM.sde\OTC_LGIM.DBO.ReferenceData\OTC_LGIM.DBO.RoadCenterline,TOLEFT,-1,-1;FROMRIGHT "Right From Address" true true false 4 Long 0 10 ,First,#,Database Connections\dbadmin@OTC_LGIM.sde\OTC_LGIM.DBO.ReferenceData\OTC_LGIM.DBO.RoadCenterline,FROMRIGHT,-1,-1;TORIGHT "Right To Address" true true false 4 Long 0 10 ,First,#,Database Connections\dbadmin@OTC_LGIM.sde\OTC_LGIM.DBO.ReferenceData\OTC_LGIM.DBO.RoadCenterline,TORIGHT,-1,-1;FULLNAME "Full Road Name" true true false 125 Text 0 0 ,First,#,Database Connections\dbadmin@OTC_LGIM.sde\OTC_LGIM.DBO.ReferenceData\OTC_LGIM.DBO.RoadCenterline,FULLNAME,-1,-1;FEDROUTE "Federal Route" true true false 10 Text 0 0 ,First,#,Database Connections\dbadmin@OTC_LGIM.sde\OTC_LGIM.DBO.ReferenceData\OTC_LGIM.DBO.RoadCenterline,FEDROUTE,-1,-1;FEDRTETYPE "Federal Route Type" true true false 20 Text 0 0 ,First,#,Database Connections\dbadmin@OTC_LGIM.sde\OTC_LGIM.DBO.ReferenceData\OTC_LGIM.DBO.RoadCenterline,FEDRTETYPE,-1,-1;AFEDRTE "Alternate Federal Route" true true false 10 Text 0 0 ,First,#,Database Connections\dbadmin@OTC_LGIM.sde\OTC_LGIM.DBO.ReferenceData\OTC_LGIM.DBO.RoadCenterline,AFEDRTE,-1,-1;AFEDRTETYP "Alternate Federal Route Type" true true false 20 Text 0 0 ,First,#,Database Connections\dbadmin@OTC_LGIM.sde\OTC_LGIM.DBO.ReferenceData\OTC_LGIM.DBO.RoadCenterline,AFEDRTETYPE,-1,-1;STROUTE "State Route" true true false 10 Text 0 0 ,First,#,Database Connections\dbadmin@OTC_LGIM.sde\OTC_LGIM.DBO.ReferenceData\OTC_LGIM.DBO.RoadCenterline,STROUTE,-1,-1;STRTETYPE "State Route Type" true true false 20 Text 0 0 ,First,#,Database Connections\dbadmin@OTC_LGIM.sde\OTC_LGIM.DBO.ReferenceData\OTC_LGIM.DBO.RoadCenterline,STRTETYPE,-1,-1;ASTRTE "Alternate State Route" true true false 10 Text 0 0 ,First,#,Database Connections\dbadmin@OTC_LGIM.sde\OTC_LGIM.DBO.ReferenceData\OTC_LGIM.DBO.RoadCenterline,ASTRTE,-1,-1;ASTRTETYPE "Alternate State Route Type" true true false 20 Text 0 0 ,First,#,Database Connections\dbadmin@OTC_LGIM.sde\OTC_LGIM.DBO.ReferenceData\OTC_LGIM.DBO.RoadCenterline,ASTRTETYPE,-1,-1;CTYROUTE "County Route" true true false 10 Text 0 0 ,First,#,Database Connections\dbadmin@OTC_LGIM.sde\OTC_LGIM.DBO.ReferenceData\OTC_LGIM.DBO.RoadCenterline,CTYROUTE,-1,-1;ONEWAYDIR "One Way Indicator" true true false 10 Text 0 0 ,First,#,Database Connections\dbadmin@OTC_LGIM.sde\OTC_LGIM.DBO.ReferenceData\OTC_LGIM.DBO.RoadCenterline,ONEWAYDIR,-1,-1;ROADCLASS "Road Class" true true false 20 Text 0 0 ,First,#,Database Connections\dbadmin@OTC_LGIM.sde\OTC_LGIM.DBO.ReferenceData\OTC_LGIM.DBO.RoadCenterline,ROADCLASS,-1,-1;MTFCC "Census MTFCC Code" true true false 5 Text 0 0 ,First,#,Database Connections\dbadmin@OTC_LGIM.sde\OTC_LGIM.DBO.ReferenceData\OTC_LGIM.DBO.RoadCenterline,MTFCC,-1,-1;MUNILEFT "Municipality on Left" true true false 100 Text 0 0 ,First,#,Database Connections\dbadmin@OTC_LGIM.sde\OTC_LGIM.DBO.ReferenceData\OTC_LGIM.DBO.RoadCenterline,MUNILEFT,-1,-1;MUNIRIGHT "Municipality on Right" true true false 100 Text 0 0 ,First,#,Database Connections\dbadmin@OTC_LGIM.sde\OTC_LGIM.DBO.ReferenceData\OTC_LGIM.DBO.RoadCenterline,MUNIRIGHT,-1,-1;STATELEFT "State on Left" true true false 2 Text 0 0 ,First,#,Database Connections\dbadmin@OTC_LGIM.sde\OTC_LGIM.DBO.ReferenceData\OTC_LGIM.DBO.RoadCenterline,STATELEFT,-1,-1;STATERIGHT "State on Right" true true false 2 Text 0 0 ,First,#,Database Connections\dbadmin@OTC_LGIM.sde\OTC_LGIM.DBO.ReferenceData\OTC_LGIM.DBO.RoadCenterline,STATERIGHT,-1,-1;ZIPLEFT "Zip on Left" true true false 5 Text 0 0 ,First,#,Database Connections\dbadmin@OTC_LGIM.sde\OTC_LGIM.DBO.ReferenceData\OTC_LGIM.DBO.RoadCenterline,ZIPLEFT,-1,-1;ZIPRIGHT "Zip on Right" true true false 5 Text 0 0 ,First,#,Database Connections\dbadmin@OTC_LGIM.sde\OTC_LGIM.DBO.ReferenceData\OTC_LGIM.DBO.RoadCenterline,ZIPRIGHT,-1,-1;MSAGLEFT "MSAG on Left" true true false 35 Text 0 0 ,First,#,Database Connections\dbadmin@OTC_LGIM.sde\OTC_LGIM.DBO.ReferenceData\OTC_LGIM.DBO.RoadCenterline,MSAGLEFT,-1,-1;MSAGRIGHT "MSAG on Right" true true false 35 Text 0 0 ,First,#,Database Connections\dbadmin@OTC_LGIM.sde\OTC_LGIM.DBO.ReferenceData\OTC_LGIM.DBO.RoadCenterline,MSAGRIGHT,-1,-1;ESNLEFT "ESN on Left" true true false 5 Text 0 0 ,First,#,Database Connections\dbadmin@OTC_LGIM.sde\OTC_LGIM.DBO.ReferenceData\OTC_LGIM.DBO.RoadCenterline,ESNLEFT,-1,-1;ESNRIGHT "ESN on Right" true true false 5 Text 0 0 ,First,#,Database Connections\dbadmin@OTC_LGIM.sde\OTC_LGIM.DBO.ReferenceData\OTC_LGIM.DBO.RoadCenterline,ESNRIGHT,-1,-1;LASTUPDATE "Last Update Date" true true false 8 Date 0 0 ,First,#,Database Connections\dbadmin@OTC_LGIM.sde\OTC_LGIM.DBO.ReferenceData\OTC_LGIM.DBO.RoadCenterline,LASTUPDATE,-1,-1;LASTEDITOR "Last Editor" true true false 50 Text 0 0 ,First,#,Database Connections\dbadmin@OTC_LGIM.sde\OTC_LGIM.DBO.ReferenceData\OTC_LGIM.DBO.RoadCenterline,LASTEDITOR,-1,-1;OTC_LABEL "Label" true true false 10 Text 0 0 ,First,#,Database Connections\dbadmin@OTC_LGIM.sde\OTC_LGIM.DBO.ReferenceData\OTC_LGIM.DBO.RoadCenterline,OTC_LABEL,-1,-1;OTC_WT_LIM "Weight Limit" true true false 2 Short 0 5 ,First,#,Database Connections\dbadmin@OTC_LGIM.sde\OTC_LGIM.DBO.ReferenceData\OTC_LGIM.DBO.RoadCenterline,OTC_WT_LIMIT,-1,-1;OTC_LAYER "LAYER" true true false 23 Text 0 0 ,First,#,Database Connections\dbadmin@OTC_LGIM.sde\OTC_LGIM.DBO.ReferenceData\OTC_LGIM.DBO.RoadCenterline,OTC_LAYER,-1,-1;OTC_OT "Otter Trail" true true false 5 Text 0 0 ,First,#,Database Connections\dbadmin@OTC_LGIM.sde\OTC_LGIM.DBO.ReferenceData\OTC_LGIM.DBO.RoadCenterline,OTC_OT,-1,-1;OTC_VMD "Veterans Memorial Drive" true true false 5 Text 0 0 ,First,#,Database Connections\dbadmin@OTC_LGIM.sde\OTC_LGIM.DBO.ReferenceData\OTC_LGIM.DBO.RoadCenterline,OTC_VMD,-1,-1;OTC_VT "Viking Trail" true true false 5 Text 0 0 ,First,#,Database Connections\dbadmin@OTC_LGIM.sde\OTC_LGIM.DBO.ReferenceData\OTC_LGIM.DBO.RoadCenterline,OTC_VT,-1,-1;OTC_TWP_RE "Recorded Township Road" true true false 5 Text 0 0 ,First,#,Database Connections\dbadmin@OTC_LGIM.sde\OTC_LGIM.DBO.ReferenceData\OTC_LGIM.DBO.RoadCenterline,OTC_TWP_REC,-1,-1;OTC_SVY "Surveyed" true true false 5 Text 0 0 ,First,#,Database Connections\dbadmin@OTC_LGIM.sde\OTC_LGIM.DBO.ReferenceData\OTC_LGIM.DBO.RoadCenterline,OTC_SVY,-1,-1;OTC_RC "Road Class" true true false 2 Short 0 5 ,First,#,Database Connections\dbadmin@OTC_LGIM.sde\OTC_LGIM.DBO.ReferenceData\OTC_LGIM.DBO.RoadCenterline,OTC_RC,-1,-1;OTC_PRE_TY "Pre Type" true true false 10 Text 0 0 ,First,#,Database Connections\dbadmin@OTC_LGIM.sde\OTC_LGIM.DBO.ReferenceData\OTC_LGIM.DBO.RoadCenterline,OTC_PRE_TYPE,-1,-1;OTC_PRE_DI "Pre Directional" true true false 9 Text 0 0 ,First,#,Database Connections\dbadmin@OTC_LGIM.sde\OTC_LGIM.DBO.ReferenceData\OTC_LGIM.DBO.RoadCenterline,OTC_PRE_DIR,-1,-1;OTC_ST_NAM "Street Name" true true false 22 Text 0 0 ,First,#,Database Connections\dbadmin@OTC_LGIM.sde\OTC_LGIM.DBO.ReferenceData\OTC_LGIM.DBO.RoadCenterline,OTC_ST_NAME,-1,-1;OTC_ST_TYP "Street Type" true true false 9 Text 0 0 ,First,#,Database Connections\dbadmin@OTC_LGIM.sde\OTC_LGIM.DBO.ReferenceData\OTC_LGIM.DBO.RoadCenterline,OTC_ST_TYPE,-1,-1;OTC_SUF_DI "Post Directional" true true false 8 Text 0 0 ,First,#,Database Connections\dbadmin@OTC_LGIM.sde\OTC_LGIM.DBO.ReferenceData\OTC_LGIM.DBO.RoadCenterline,OTC_SUF_DIR,-1,-1;OTC_IN_CTY "Road In County" true true false 5 Text 0 0 ,First,#,Database Connections\dbadmin@OTC_LGIM.sde\OTC_LGIM.DBO.ReferenceData\OTC_LGIM.DBO.RoadCenterline,OTC_IN_CTY,-1,-1;OTC_LOW "OTC_LOW" true true false 4 Long 0 10 ,First,#,Database Connections\dbadmin@OTC_LGIM.sde\OTC_LGIM.DBO.ReferenceData\OTC_LGIM.DBO.RoadCenterline,OTC_LOW,-1,-1;OTC_HIGH "OTC_HIGH" true true false 4 Long 0 10 ,First,#,Database Connections\dbadmin@OTC_LGIM.sde\OTC_LGIM.DBO.ReferenceData\OTC_LGIM.DBO.RoadCenterline,OTC_HIGH,-1,-1;OTC_UNIQUE "UNIQUE_ID" true true false 36 Text 0 0 ,First,#,Database Connections\dbadmin@OTC_LGIM.sde\OTC_LGIM.DBO.ReferenceData\OTC_LGIM.DBO.RoadCenterline,OTC_UNIQUE_ID,-1,-1;OTC_CTU_NA "OTC_CTU_NAME_L" true true false 100 Text 0 0 ,First,#,Database Connections\dbadmin@OTC_LGIM.sde\OTC_LGIM.DBO.ReferenceData\OTC_LGIM.DBO.RoadCenterline,OTC_CTU_NAME_L,-1,-1;OTC_CTU__1 "OTC-CTU_NAME_R" true true false 100 Text 0 0 ,First,#,Database Connections\dbadmin@OTC_LGIM.sde\OTC_LGIM.DBO.ReferenceData\OTC_LGIM.DBO.RoadCenterline,OTC_CTU_NAME_R,-1,-1;OTC_POSTCO "POSTAL COMMUNITY LEFT" true true false 50 Text 0 0 ,First,#,Database Connections\dbadmin@OTC_LGIM.sde\OTC_LGIM.DBO.ReferenceData\OTC_LGIM.DBO.RoadCenterline,OTC_POSTCOMM_L,-1,-1;OTC_POST_1 "POSTAL COMMUNITY RIGHT" true true false 50 Text 0 0 ,First,#,Database Connections\dbadmin@OTC_LGIM.sde\OTC_LGIM.DBO.ReferenceData\OTC_LGIM.DBO.RoadCenterline,OTC_POSTCOMM_R,-1,-1;OTC_COUNTY "COUNTY LEFT" true true false 40 Text 0 0 ,First,#,Database Connections\dbadmin@OTC_LGIM.sde\OTC_LGIM.DBO.ReferenceData\OTC_LGIM.DBO.RoadCenterline,OTC_COUNTY_L,-1,-1;OTC_COUN_1 "COUNTY RIGHT" true true false 40 Text 0 0 ,First,#,Database Connections\dbadmin@OTC_LGIM.sde\OTC_LGIM.DBO.ReferenceData\OTC_LGIM.DBO.RoadCenterline,OTC_COUNTY_R,-1,-1;OTC_PARITY "OTC_PARITY_L" true true false 1 Text 0 0 ,First,#,Database Connections\dbadmin@OTC_LGIM.sde\OTC_LGIM.DBO.ReferenceData\OTC_LGIM.DBO.RoadCenterline,OTC_PARITY_L,-1,-1;OTC_PARI_1 "OTC_PARITY_R" true true false 1 Text 0 0 ,First,#,Database Connections\dbadmin@OTC_LGIM.sde\OTC_LGIM.DBO.ReferenceData\OTC_LGIM.DBO.RoadCenterline,OTC_PARITY_R,-1,-1;OTC_SPEEDL "OTC_SPEEDLIMIT" true true false 3 Text 0 0 ,First,#,Database Connections\dbadmin@OTC_LGIM.sde\OTC_LGIM.DBO.ReferenceData\OTC_LGIM.DBO.RoadCenterline,OTC_SPEEDLIMIT,-1,-1;OTC_PSAP_L "OTC_PSAP_L" true true false 5 Text 0 0 ,First,#,Database Connections\dbadmin@OTC_LGIM.sde\OTC_LGIM.DBO.ReferenceData\OTC_LGIM.DBO.RoadCenterline,OTC_PSAP_L,-1,-1;OTC_PSAP_R "OTC_PSAP_R" true true false 5 Text 0 0 ,First,#,Database Connections\dbadmin@OTC_LGIM.sde\OTC_LGIM.DBO.ReferenceData\OTC_LGIM.DBO.RoadCenterline,OTC_PSAP_R,-1,-1;OTC_GIS911 "OTCGIS_911GISPOC" true true false 25 Text 0 0 ,First,#,Database Connections\dbadmin@OTC_LGIM.sde\OTC_LGIM.DBO.ReferenceData\OTC_LGIM.DBO.RoadCenterline,OTC_GIS911POC,-1,-1;SHAPE_STLe "SHAPE_STLe" false false true 0 Double 0 0 ,First,#,Database Connections\dbadmin@OTC_LGIM.sde\OTC_LGIM.DBO.ReferenceData\OTC_LGIM.DBO.RoadCenterline,SHAPE.STLength(),-1,-1" #</Process></lineage><itemProps><itemLocation><linkage Sync="TRUE">file://\\otc-fs06\shares$\GIS\Web\Shapefile_downloads\Roads.shp</linkage><protocol Sync="TRUE">Local Area Network</protocol></itemLocation><itemName Sync="TRUE">Roads</itemName><imsContentType Sync="TRUE">002</imsContentType><itemSize Sync="TRUE">0.000</itemSize></itemProps><coordRef><type Sync="TRUE">Projected</type><geogcsn Sync="TRUE">GCS_NAD_1983_HARN_Adj_MN_Ottertail</geogcsn><csUnits Sync="TRUE">Linear Unit: Foot_US (0.304801)</csUnits><projcsn Sync="TRUE">NAD_1983_HARN_Adj_MN_Ottertail_Feet</projcsn><peXml Sync="TRUE">&lt;ProjectedCoordinateSystem xsi:type='typens:ProjectedCoordinateSystem' xmlns:xsi='http://www.w3.org/2001/XMLSchema-instance' xmlns:xs='http://www.w3.org/2001/XMLSchema' xmlns:typens='http://www.esri.com/schemas/ArcGIS/10.7'&gt;&lt;WKT&gt;PROJCS[&amp;quot;NAD_1983_HARN_Adj_MN_Ottertail_Feet&amp;quot;,GEOGCS[&amp;quot;GCS_NAD_1983_HARN_Adj_MN_Ottertail&amp;quot;,DATUM[&amp;quot;D_NAD_1983_HARN_Adj_MN_Ottertail&amp;quot;,SPHEROID[&amp;quot;S_GRS_1980_Adj_MN_Ottertail&amp;quot;,6378525.621,298.2572221008827]],PRIMEM[&amp;quot;Greenwich&amp;quot;,0.0],UNIT[&amp;quot;Degree&amp;quot;,0.0174532925199433]],PROJECTION[&amp;quot;Lambert_Conformal_Conic&amp;quot;],PARAMETER[&amp;quot;False_Easting&amp;quot;,500000.0],PARAMETER[&amp;quot;False_Northing&amp;quot;,100000.0],PARAMETER[&amp;quot;Central_Meridian&amp;quot;,-95.71666666666667],PARAMETER[&amp;quot;Standard_Parallel_1&amp;quot;,46.18333333333333],PARAMETER[&amp;quot;Standard_Parallel_2&amp;quot;,46.65],PARAMETER[&amp;quot;Latitude_Of_Origin&amp;quot;,46.10638888888889],UNIT[&amp;quot;Foot_US&amp;quot;,0.3048006096012192],AUTHORITY[&amp;quot;Esri&amp;quot;,103762]]&lt;/WKT&gt;&lt;XOrigin&gt;-118697900&lt;/XOrigin&gt;&lt;YOrigin&gt;-99033100&lt;/YOrigin&gt;&lt;XYScale&gt;37782541.700571023&lt;/XYScale&gt;&lt;ZOrigin&gt;-100000&lt;/ZOrigin&gt;&lt;ZScale&gt;10000&lt;/ZScale&gt;&lt;MOrigin&gt;-100000&lt;/MOrigin&gt;&lt;MScale&gt;10000&lt;/MScale&gt;&lt;XYTolerance&gt;0.0032808333333333331&lt;/XYTolerance&gt;&lt;ZTolerance&gt;0.001&lt;/ZTolerance&gt;&lt;MTolerance&gt;0.001&lt;/MTolerance&gt;&lt;HighPrecision&gt;true&lt;/HighPrecision&gt;&lt;WKID&gt;103762&lt;/WKID&gt;&lt;LatestWKID&gt;103762&lt;/LatestWKID&gt;&lt;/ProjectedCoordinateSystem&gt;</peXml></coordRef></DataProperties><CreaDate>20170223</CreaDate><CreaTime>17041700</CreaTime><SyncDate>20220330</SyncDate><SyncTime>07573800</SyncTime><ModDate>20220330</ModDate><ModTime>07573800</ModTime></Esri><idinfo><descript><abstract>Road segments representing centerlines of all roadways or carriageways in a local government. Typically, this information is compiled from orthoimagery or other aerial photography sources. This representation of the road centerlines support address geocoding and mapping. It also serves as a source for public works and other agencies that are responsible for the active management of the road network.</abstract><purpose>Road Centerlines</purpose></descript><keywords><theme><themekt>X-Ray</themekt><themekey>Transportation</themekey></theme></keywords><accconst/><useconst/><status><progress/><update/></status><spdom><bounding><westbc>NaN</westbc><eastbc>NaN</eastbc><northbc>NaN</northbc><southbc>NaN</southbc></bounding></spdom></idinfo><eainfo><detailed Name="Roads"><attr><attrlabl Sync="TRUE">SHAPE</attrlabl><attalias Sync="TRUE">Shape</attalias><attrtype Sync="TRUE">Geometry</attrtype><attwidth Sync="TRUE">0</attwidth><atprecis Sync="TRUE">0</atprecis><attscale Sync="TRUE">0</attscale><attrdef Sync="TRUE">Feature geometry.</attrdef><attrdefs Sync="TRUE">Esri</attrdefs><attrdomv><udom Sync="TRUE">Coordinates defining the features.</udom></attrdomv></attr><attr><attrlabl Sync="TRUE">FID</attrlabl><attalias Sync="TRUE">FID</attalias><attrtype Sync="TRUE">OID</attrtype><attwidth Sync="TRUE">4</attwidth><atprecis Sync="TRUE">0</atprecis><attscale Sync="TRUE">0</attscale><attrdef Sync="TRUE">Internal feature number.</attrdef><attrdefs Sync="TRUE">Esri</attrdefs><attrdomv><udom Sync="TRUE">Sequential unique whole numbers that are automatically generated.</udom></attrdomv></attr><attr><attrlabl Sync="TRUE">AFEDRTE</attrlabl><attalias Sync="TRUE">AFEDRTE</attalias><attrtype Sync="TRUE">String</attrtype><attwidth Sync="TRUE">10</attwidth><atprecis Sync="TRUE">0</atprecis><attscale Sync="TRUE">0</attscale><attrdef Sync="TRUE">The alternate federal route name</attrdef></attr><attr><attrlabl Sync="TRUE">CENTERLINE</attrlabl><attalias Sync="TRUE">CENTERLINE</attalias><attrtype Sync="TRUE">String</attrtype><attwidth Sync="TRUE">20</attwidth><atprecis Sync="TRUE">0</atprecis><attscale Sync="TRUE">0</attscale></attr><attr><attrlabl Sync="TRUE">ASTRTE</attrlabl><attalias Sync="TRUE">ASTRTE</attalias><attrtype Sync="TRUE">String</attrtype><attwidth Sync="TRUE">10</attwidth><atprecis Sync="TRUE">0</atprecis><attscale Sync="TRUE">0</attscale><attrdef Sync="TRUE">The alternate state route name</attrdef></attr><attr><attrlabl Sync="TRUE">ASTRTETYPE</attrlabl><attalias Sync="TRUE">ASTRTETYPE</attalias><attrtype Sync="TRUE">String</attrtype><attwidth Sync="TRUE">20</attwidth><atprecis Sync="TRUE">0</atprecis><attscale Sync="TRUE">0</attscale><attrdef Sync="TRUE">A functional classification of route that can be used to symbolize the route if detail beyond what is provided in ROADCLASS is needed</attrdef></attr><attr><attrlabl Sync="TRUE">CTYROUTE</attrlabl><attalias Sync="TRUE">CTYROUTE</attalias><attrtype Sync="TRUE">String</attrtype><attwidth Sync="TRUE">10</attwidth><atprecis Sync="TRUE">0</atprecis><attscale Sync="TRUE">0</attscale><attrdef Sync="TRUE">The county route name</attrdef></attr><attr><attrlabl Sync="TRUE">ESNLEFT</attrlabl><attalias Sync="TRUE">ESNLEFT</attalias><attrtype Sync="TRUE">String</attrtype><attwidth Sync="TRUE">5</attwidth><atprecis Sync="TRUE">0</atprecis><attscale Sync="TRUE">0</attscale><attrdef Sync="TRUE">The ESN on left side of the road</attrdef></attr><attr><attrlabl Sync="TRUE">ESNRIGHT</attrlabl><attalias Sync="TRUE">ESNRIGHT</attalias><attrtype Sync="TRUE">String</attrtype><attwidth Sync="TRUE">5</attwidth><atprecis Sync="TRUE">0</atprecis><attscale Sync="TRUE">0</attscale><attrdef Sync="TRUE">The ESN on right side of the road</attrdef></attr><attr><attrlabl Sync="TRUE">FEDROUTE</attrlabl><attalias Sync="TRUE">FEDROUTE</attalias><attrtype Sync="TRUE">String</attrtype><attwidth Sync="TRUE">10</attwidth><atprecis Sync="TRUE">0</atprecis><attscale Sync="TRUE">0</attscale><attrdef Sync="TRUE">The federal route name</attrdef></attr><attr><attrlabl Sync="TRUE">FEDRTETYPE</attrlabl><attalias Sync="TRUE">FEDRTETYPE</attalias><attrtype Sync="TRUE">String</attrtype><attwidth Sync="TRUE">20</attwidth><atprecis Sync="TRUE">0</atprecis><attscale Sync="TRUE">0</attscale><attrdef Sync="TRUE">A functional classification of route that can be used to symbolize the route if detail beyond what is provided in ROADCLASS is needed</attrdef></attr><attr><attrlabl Sync="TRUE">FROMLEFT</attrlabl><attalias Sync="TRUE">FROMLEFT</attalias><attrtype Sync="TRUE">Integer</attrtype><attwidth Sync="TRUE">10</attwidth><atprecis Sync="TRUE">10</atprecis><attscale Sync="TRUE">0</attscale><attrdef Sync="TRUE">Lowest address range on left side of the road</attrdef></attr><attr><attrlabl Sync="TRUE">AFEDRTETYP</attrlabl><attalias Sync="TRUE">AFEDRTETYP</attalias><attrtype Sync="TRUE">String</attrtype><attwidth Sync="TRUE">20</attwidth><atprecis Sync="TRUE">0</atprecis><attscale Sync="TRUE">0</attscale></attr><attr><attrlabl Sync="TRUE">FROMRIGHT</attrlabl><attalias Sync="TRUE">FROMRIGHT</attalias><attrtype Sync="TRUE">Integer</attrtype><attwidth Sync="TRUE">10</attwidth><atprecis Sync="TRUE">10</atprecis><attscale Sync="TRUE">0</attscale><attrdef Sync="TRUE">Lowest address range on right side of the road</attrdef></attr><attr><attrlabl Sync="TRUE">FULLNAME</attrlabl><attalias Sync="TRUE">FULLNAME</attalias><attrtype Sync="TRUE">String</attrtype><attwidth Sync="TRUE">125</attwidth><atprecis Sync="TRUE">0</atprecis><attscale Sync="TRUE">0</attscale><attrdef Sync="TRUE">The full name of the road including any prefix and/or suffix in mixed case format for Esri Community Map contributors</attrdef></attr><attr><attrlabl Sync="TRUE">LASTEDITOR</attrlabl><attalias Sync="TRUE">LASTEDITOR</attalias><attrtype Sync="TRUE">String</attrtype><attwidth Sync="TRUE">50</attwidth><atprecis Sync="TRUE">0</atprecis><attscale Sync="TRUE">0</attscale><attrdef Sync="TRUE">The user who performed the last update</attrdef></attr><attr><attrlabl Sync="TRUE">LASTUPDATE</attrlabl><attalias Sync="TRUE">LASTUPDATE</attalias><attrtype Sync="TRUE">Date</attrtype><attwidth Sync="TRUE">8</attwidth><atprecis Sync="TRUE">0</atprecis><attscale Sync="TRUE">0</attscale><attrdef Sync="TRUE">The date the feature was last updated in the maintenance database</attrdef></attr><attr><attrlabl Sync="TRUE">MSAGLEFT</attrlabl><attalias Sync="TRUE">MSAGLEFT</attalias><attrtype Sync="TRUE">String</attrtype><attwidth Sync="TRUE">35</attwidth><atprecis Sync="TRUE">0</atprecis><attscale Sync="TRUE">0</attscale><attrdef Sync="TRUE">The MSAG community on left side of the road</attrdef></attr><attr><attrlabl Sync="TRUE">MSAGRIGHT</attrlabl><attalias Sync="TRUE">MSAGRIGHT</attalias><attrtype Sync="TRUE">String</attrtype><attwidth Sync="TRUE">35</attwidth><atprecis Sync="TRUE">0</atprecis><attscale Sync="TRUE">0</attscale><attrdef Sync="TRUE">The MSAG community on right side of the road</attrdef></attr><attr><attrlabl Sync="TRUE">MTFCC</attrlabl><attalias Sync="TRUE">MTFCC</attalias><attrtype Sync="TRUE">String</attrtype><attwidth Sync="TRUE">5</attwidth><atprecis Sync="TRUE">0</atprecis><attscale Sync="TRUE">0</attscale><attrdef Sync="TRUE">The Census MAF/TIGER feature class code</attrdef></attr><attr><attrlabl Sync="TRUE">MUNILEFT</attrlabl><attalias Sync="TRUE">MUNILEFT</attalias><attrtype Sync="TRUE">String</attrtype><attwidth Sync="TRUE">100</attwidth><atprecis Sync="TRUE">0</atprecis><attscale Sync="TRUE">0</attscale><attrdef Sync="TRUE">Municipal name on left side of the road</attrdef></attr><attr><attrlabl Sync="TRUE">MUNIRIGHT</attrlabl><attalias Sync="TRUE">MUNIRIGHT</attalias><attrtype Sync="TRUE">String</attrtype><attwidth Sync="TRUE">100</attwidth><atprecis Sync="TRUE">0</atprecis><attscale Sync="TRUE">0</attscale><attrdef Sync="TRUE">Municipal name on right side of the road</attrdef></attr><attr><attrlabl Sync="TRUE">ONEWAYDIR</attrlabl><attalias Sync="TRUE">ONEWAYDIR</attalias><attrtype Sync="TRUE">String</attrtype><attwidth Sync="TRUE">10</attwidth><atprecis Sync="TRUE">0</atprecis><attscale Sync="TRUE">0</attscale><attrdef Sync="TRUE">A code that indicates whether the traffic flows with, or against, the direction of the vertices</attrdef></attr><attr><attrlabl Sync="TRUE">ROADCLASS</attrlabl><attalias Sync="TRUE">ROADCLASS</attalias><attrtype Sync="TRUE">String</attrtype><attwidth Sync="TRUE">20</attwidth><atprecis Sync="TRUE">0</atprecis><attscale Sync="TRUE">0</attscale><attrdef Sync="TRUE">Functional classification of roads based on type of service</attrdef></attr><attr><attrlabl Sync="TRUE">STATELEFT</attrlabl><attalias Sync="TRUE">STATELEFT</attalias><attrtype Sync="TRUE">String</attrtype><attwidth Sync="TRUE">2</attwidth><atprecis Sync="TRUE">0</atprecis><attscale Sync="TRUE">0</attscale><attrdef Sync="TRUE">State abbreviation on left side of the road</attrdef></attr><attr><attrlabl Sync="TRUE">STATERIGHT</attrlabl><attalias Sync="TRUE">STATERIGHT</attalias><attrtype Sync="TRUE">String</attrtype><attwidth Sync="TRUE">2</attwidth><atprecis Sync="TRUE">0</atprecis><attscale Sync="TRUE">0</attscale><attrdef Sync="TRUE">State abbreviation on right side of the road</attrdef></attr><attr><attrlabl Sync="TRUE">STROUTE</attrlabl><attalias Sync="TRUE">STROUTE</attalias><attrtype Sync="TRUE">String</attrtype><attwidth Sync="TRUE">10</attwidth><atprecis Sync="TRUE">0</atprecis><attscale Sync="TRUE">0</attscale><attrdef Sync="TRUE">The state route name</attrdef></attr><attr><attrlabl Sync="TRUE">STRTETYPE</attrlabl><attalias Sync="TRUE">STRTETYPE</attalias><attrtype Sync="TRUE">String</attrtype><attwidth Sync="TRUE">20</attwidth><atprecis Sync="TRUE">0</atprecis><attscale Sync="TRUE">0</attscale><attrdef Sync="TRUE">A functional classification of route that can be used to symbolize the route if detail beyond what is provided in ROADCLASS is needed</attrdef></attr><attr><attrlabl Sync="TRUE">TOLEFT</attrlabl><attalias Sync="TRUE">TOLEFT</attalias><attrtype Sync="TRUE">Integer</attrtype><attwidth Sync="TRUE">10</attwidth><atprecis Sync="TRUE">10</atprecis><attscale Sync="TRUE">0</attscale><attrdef Sync="TRUE">Highest address range on left side of the road</attrdef></attr><attr><attrlabl Sync="TRUE">TORIGHT</attrlabl><attalias Sync="TRUE">TORIGHT</attalias><attrtype Sync="TRUE">Integer</attrtype><attwidth Sync="TRUE">10</attwidth><atprecis Sync="TRUE">10</atprecis><attscale Sync="TRUE">0</attscale><attrdef Sync="TRUE">Highest address range on right side of the road</attrdef></attr><attr><attrlabl Sync="TRUE">ZIPLEFT</attrlabl><attalias Sync="TRUE">ZIPLEFT</attalias><attrtype Sync="TRUE">String</attrtype><attwidth Sync="TRUE">5</attwidth><atprecis Sync="TRUE">0</atprecis><attscale Sync="TRUE">0</attscale><attrdef Sync="TRUE">Zip code on left side of the road</attrdef></attr><attr><attrlabl Sync="TRUE">ZIPRIGHT</attrlabl><attalias Sync="TRUE">ZIPRIGHT</attalias><attrtype Sync="TRUE">String</attrtype><attwidth Sync="TRUE">5</attwidth><atprecis Sync="TRUE">0</atprecis><attscale Sync="TRUE">0</attscale><attrdef Sync="TRUE">Zip code on right side of the road</attrdef></attr><enttyp><enttypl Sync="TRUE">Roads</enttypl><enttypt Sync="TRUE">Feature Class</enttypt><enttypc Sync="TRUE">0</enttypc></enttyp><attr><attrlabl Sync="TRUE">OTC_LABEL</attrlabl><attalias Sync="TRUE">OTC_LABEL</attalias><attrtype Sync="TRUE">String</attrtype><attwidth Sync="TRUE">10</attwidth><atprecis Sync="TRUE">0</atprecis><attscale Sync="TRUE">0</attscale></attr><attr><attrlabl Sync="TRUE">OTC_WT_LIM</attrlabl><attalias Sync="TRUE">OTC_WT_LIM</attalias><attrtype Sync="TRUE">Integer</attrtype><attwidth Sync="TRUE">5</attwidth><atprecis Sync="TRUE">5</atprecis><attscale Sync="TRUE">0</attscale></attr><attr><attrlabl Sync="TRUE">OTC_LAYER</attrlabl><attalias Sync="TRUE">OTC_LAYER</attalias><attrtype Sync="TRUE">String</attrtype><attwidth Sync="TRUE">23</attwidth><atprecis Sync="TRUE">0</atprecis><attscale Sync="TRUE">0</attscale></attr><attr><attrlabl Sync="TRUE">OTC_OT</attrlabl><attalias Sync="TRUE">OTC_OT</attalias><attrtype Sync="TRUE">String</attrtype><attwidth Sync="TRUE">5</attwidth><atprecis Sync="TRUE">0</atprecis><attscale Sync="TRUE">0</attscale></attr><attr><attrlabl Sync="TRUE">OTC_VMD</attrlabl><attalias Sync="TRUE">OTC_VMD</attalias><attrtype Sync="TRUE">String</attrtype><attwidth Sync="TRUE">5</attwidth><atprecis Sync="TRUE">0</atprecis><attscale Sync="TRUE">0</attscale></attr><attr><attrlabl Sync="TRUE">OTC_VT</attrlabl><attalias Sync="TRUE">OTC_VT</attalias><attrtype Sync="TRUE">String</attrtype><attwidth Sync="TRUE">5</attwidth><atprecis Sync="TRUE">0</atprecis><attscale Sync="TRUE">0</attscale></attr><attr><attrlabl Sync="TRUE">OTC_TWP_RE</attrlabl><attalias Sync="TRUE">OTC_TWP_RE</attalias><attrtype Sync="TRUE">String</attrtype><attwidth Sync="TRUE">5</attwidth><atprecis Sync="TRUE">0</atprecis><attscale Sync="TRUE">0</attscale></attr><attr><attrlabl Sync="TRUE">OTC_SVY</attrlabl><attalias Sync="TRUE">OTC_SVY</attalias><attrtype Sync="TRUE">String</attrtype><attwidth Sync="TRUE">5</attwidth><atprecis Sync="TRUE">0</atprecis><attscale Sync="TRUE">0</attscale></attr><attr><attrlabl Sync="TRUE">OTC_RC</attrlabl><attalias Sync="TRUE">OTC_RC</attalias><attrtype Sync="TRUE">Integer</attrtype><attwidth Sync="TRUE">5</attwidth><atprecis Sync="TRUE">5</atprecis><attscale Sync="TRUE">0</attscale></attr><attr><attrlabl Sync="TRUE">OTC_PRE_TY</attrlabl><attalias Sync="TRUE">OTC_PRE_TY</attalias><attrtype Sync="TRUE">String</attrtype><attwidth Sync="TRUE">10</attwidth><atprecis Sync="TRUE">0</atprecis><attscale Sync="TRUE">0</attscale></attr><attr><attrlabl Sync="TRUE">OTC_PRE_DI</attrlabl><attalias Sync="TRUE">OTC_PRE_DI</attalias><attrtype Sync="TRUE">String</attrtype><attwidth Sync="TRUE">9</attwidth><atprecis Sync="TRUE">0</atprecis><attscale Sync="TRUE">0</attscale></attr><attr><attrlabl Sync="TRUE">OTC_ST_NAM</attrlabl><attalias Sync="TRUE">OTC_ST_NAM</attalias><attrtype Sync="TRUE">String</attrtype><attwidth Sync="TRUE">22</attwidth><atprecis Sync="TRUE">0</atprecis><attscale Sync="TRUE">0</attscale></attr><attr><attrlabl Sync="TRUE">OTC_ST_TYP</attrlabl><attalias Sync="TRUE">OTC_ST_TYP</attalias><attrtype Sync="TRUE">String</attrtype><attwidth Sync="TRUE">9</attwidth><atprecis Sync="TRUE">0</atprecis><attscale Sync="TRUE">0</attscale></attr><attr><attrlabl Sync="TRUE">OTC_SUF_DI</attrlabl><attalias Sync="TRUE">OTC_SUF_DI</attalias><attrtype Sync="TRUE">String</attrtype><attwidth Sync="TRUE">8</attwidth><atprecis Sync="TRUE">0</atprecis><attscale Sync="TRUE">0</attscale></attr><attr><attrlabl Sync="TRUE">OTC_IN_CTY</attrlabl><attalias Sync="TRUE">OTC_IN_CTY</attalias><attrtype Sync="TRUE">String</attrtype><attwidth Sync="TRUE">5</attwidth><atprecis Sync="TRUE">0</atprecis><attscale Sync="TRUE">0</attscale></attr><attr><attrlabl Sync="TRUE">OTC_LOW</attrlabl><attalias Sync="TRUE">OTC_LOW</attalias><attrtype Sync="TRUE">Integer</attrtype><attwidth Sync="TRUE">10</attwidth><atprecis Sync="TRUE">10</atprecis><attscale Sync="TRUE">0</attscale></attr><attr><attrlabl Sync="TRUE">OTC_HIGH</attrlabl><attalias Sync="TRUE">OTC_HIGH</attalias><attrtype Sync="TRUE">Integer</attrtype><attwidth Sync="TRUE">10</attwidth><atprecis Sync="TRUE">10</atprecis><attscale Sync="TRUE">0</attscale></attr><attr><attrlabl Sync="TRUE">OTC_UNIQUE</attrlabl><attalias Sync="TRUE">OTC_UNIQUE</attalias><attrtype Sync="TRUE">String</attrtype><attwidth Sync="TRUE">36</attwidth><atprecis Sync="TRUE">0</atprecis><attscale Sync="TRUE">0</attscale></attr><attr><attrlabl Sync="TRUE">OTC_CTU_NA</attrlabl><attalias Sync="TRUE">OTC_CTU_NA</attalias><attrtype Sync="TRUE">String</attrtype><attwidth Sync="TRUE">100</attwidth><atprecis Sync="TRUE">0</atprecis><attscale Sync="TRUE">0</attscale></attr><attr><attrlabl Sync="TRUE">OTC_CTU__1</attrlabl><attalias Sync="TRUE">OTC_CTU__1</attalias><attrtype Sync="TRUE">String</attrtype><attwidth Sync="TRUE">100</attwidth><atprecis Sync="TRUE">0</atprecis><attscale Sync="TRUE">0</attscale></attr><attr><attrlabl Sync="TRUE">OTC_POSTCO</attrlabl><attalias Sync="TRUE">OTC_POSTCO</attalias><attrtype Sync="TRUE">String</attrtype><attwidth Sync="TRUE">50</attwidth><atprecis Sync="TRUE">0</atprecis><attscale Sync="TRUE">0</attscale></attr><attr><attrlabl Sync="TRUE">OTC_POST_1</attrlabl><attalias Sync="TRUE">OTC_POST_1</attalias><attrtype Sync="TRUE">String</attrtype><attwidth Sync="TRUE">50</attwidth><atprecis Sync="TRUE">0</atprecis><attscale Sync="TRUE">0</attscale></attr><attr><attrlabl Sync="TRUE">OTC_COUNTY</attrlabl><attalias Sync="TRUE">OTC_COUNTY</attalias><attrtype Sync="TRUE">String</attrtype><attwidth Sync="TRUE">40</attwidth><atprecis Sync="TRUE">0</atprecis><attscale Sync="TRUE">0</attscale></attr><attr><attrlabl Sync="TRUE">OTC_COUN_1</attrlabl><attalias Sync="TRUE">OTC_COUN_1</attalias><attrtype Sync="TRUE">String</attrtype><attwidth Sync="TRUE">40</attwidth><atprecis Sync="TRUE">0</atprecis><attscale Sync="TRUE">0</attscale></attr><attr><attrlabl Sync="TRUE">OTC_PARITY</attrlabl><attalias Sync="TRUE">OTC_PARITY</attalias><attrtype Sync="TRUE">String</attrtype><attwidth Sync="TRUE">1</attwidth><atprecis Sync="TRUE">0</atprecis><attscale Sync="TRUE">0</attscale></attr><attr><attrlabl Sync="TRUE">OTC_PARI_1</attrlabl><attalias Sync="TRUE">OTC_PARI_1</attalias><attrtype Sync="TRUE">String</attrtype><attwidth Sync="TRUE">1</attwidth><atprecis Sync="TRUE">0</atprecis><attscale Sync="TRUE">0</attscale></attr><attr><attrlabl Sync="TRUE">OTC_SPEEDL</attrlabl><attalias Sync="TRUE">OTC_SPEEDL</attalias><attrtype Sync="TRUE">String</attrtype><attwidth Sync="TRUE">3</attwidth><atprecis Sync="TRUE">0</atprecis><attscale Sync="TRUE">0</attscale></attr><attr><attrlabl Sync="TRUE">OTC_PSAP_L</attrlabl><attalias Sync="TRUE">OTC_PSAP_L</attalias><attrtype Sync="TRUE">String</attrtype><attwidth Sync="TRUE">5</attwidth><atprecis Sync="TRUE">0</atprecis><attscale Sync="TRUE">0</attscale></attr><attr><attrlabl Sync="TRUE">OTC_PSAP_R</attrlabl><attalias Sync="TRUE">OTC_PSAP_R</attalias><attrtype Sync="TRUE">String</attrtype><attwidth Sync="TRUE">5</attwidth><atprecis Sync="TRUE">0</atprecis><attscale Sync="TRUE">0</attscale></attr><attr><attrlabl Sync="TRUE">OTC_GIS911</attrlabl><attalias Sync="TRUE">OTC_GIS911</attalias><attrtype Sync="TRUE">String</attrtype><attwidth Sync="TRUE">25</attwidth><atprecis Sync="TRUE">0</atprecis><attscale Sync="TRUE">0</attscale></attr><attr><attrlabl Sync="TRUE">SHAPE_STLe</attrlabl><attalias Sync="TRUE">SHAPE_STLe</attalias><attrtype Sync="TRUE">Double</attrtype><attwidth Sync="TRUE">19</attwidth><atprecis Sync="TRUE">0</atprecis><attscale Sync="TRUE">0</attscale></attr></detailed></eainfo><dataIdInfo><envirDesc Sync="TRUE"> Version 6.2 (Build 9200) ; Esri ArcGIS 10.7.0.10450</envirDesc><dataLang><languageCode value="eng" Sync="TRUE"/><countryCode value="USA" Sync="TRUE"/></dataLang><idCitation><resTitle Sync="TRUE">Roads</resTitle><presForm><PresFormCd value="005" Sync="TRUE"/></presForm></idCitation><spatRpType><SpatRepTypCd value="001" Sync="TRUE"/></spatRpType></dataIdInfo><mdLang><languageCode value="eng" Sync="TRUE"/><countryCode value="USA" Sync="TRUE"/></mdLang><distInfo><distFormat><formatName Sync="TRUE">Shapefile</formatName></distFormat><distTranOps><transSize Sync="TRUE">0.000</transSize></distTranOps></distInfo><mdHrLv><ScopeCd value="005" Sync="TRUE"/></mdHrLv><mdHrLvName Sync="TRUE">dataset</mdHrLvName><refSysInfo><RefSystem><refSysID><identCode code="103762" Sync="TRUE"/><idCodeSpace Sync="TRUE">Esri</idCodeSpace><idVersion Sync="TRUE">9.0.0</idVersion></refSysID></RefSystem></refSysInfo><spatRepInfo><VectSpatRep><geometObjs Name="Roads"><geoObjTyp><GeoObjTypCd value="002" Sync="TRUE"></GeoObjTypCd></geoObjTyp><geoObjCnt Sync="TRUE">0</geoObjCnt></geometObjs><topLvl><TopoLevCd value="001" Sync="TRUE"></TopoLevCd></topLvl></VectSpatRep></spatRepInfo><spdoinfo><ptvctinf><esriterm Name="Roads"><efeatyp Sync="TRUE">Simple</efeatyp><efeageom code="3" Sync="TRUE"></efeageom><esritopo Sync="TRUE">FALSE</esritopo><efeacnt Sync="TRUE">0</efeacnt><spindex Sync="TRUE">FALSE</spindex><linrefer Sync="TRUE">FALSE</linrefer></esriterm></ptvctinf></spdoinfo><mdDateSt Sync="TRUE">20220330</mdDateSt></metadata>
