<metadata xml:lang="en"><Esri><SyncOnce>FALSE</SyncOnce><ArcGISFormat>1.0</ArcGISFormat><DataProperties><lineage><Process ToolSource="c:\program files (x86)\arcgis\desktop10.3\ArcToolbox\Toolboxes\Data Management Tools.tbx\CalculateField" Date="20160518" Time="153235">CalculateField "Municipal Boundaries" MUNITYP "City" VB #</Process><Process ToolSource="c:\program files (x86)\arcgis\desktop10.3\ArcToolbox\Toolboxes\Data Management Tools.tbx\CalculateField" Date="20160518" Time="153547">CalculateField "Municipal Boundaries" LASTEDITOR "gmeyer" VB #</Process><Process ToolSource="c:\program files (x86)\arcgis\desktop10.3\ArcToolbox\Toolboxes\Data Management Tools.tbx\CalculateField" Date="20160518" Time="153605">CalculateField "Municipal Boundaries" LASTUPDATE 05/18/2016 VB #</Process><Process ToolSource="c:\program files (x86)\arcgis\desktop10.3\ArcToolbox\Toolboxes\Data Management Tools.tbx\CalculateField" Date="20160518" Time="153631">CalculateField "Municipal Boundaries" LASTUPDATE "Now (  )" VB #</Process><Process ToolSource="c:\program files (x86)\arcgis\desktop10.3\ArcToolbox\Toolboxes\Data Management Tools.tbx\CalculateField" Date="20160518" Time="153649">CalculateField "Municipal Boundaries" LASTUPDATE "08/18/2016" VB #</Process><Process ToolSource="c:\program files (x86)\arcgis\desktop10.3\ArcToolbox\Toolboxes\Data Management Tools.tbx\CalculateField" Date="20160518" Time="153657">CalculateField "Municipal Boundaries" LASTUPDATE "05/18/2016" VB #</Process><Process Name="Feature Class to Feature Class (3)" ToolSource="c:\program files (x86)\arcgis\desktop10.7\ArcToolbox\Toolboxes\Conversion Tools.tbx\FeatureClassToFeatureClass" Date="20220330" Time="075614">FeatureClassToFeatureClass "Database Connections\LGIM.sde\OTC_LGIM.DBO.AdministrativeArea\OTC_LGIM.DBO.MunicipalBoundary" I:\Web\Shapefile_downloads Cities.shp # "NAME "Municipality Name" true true false 50 Text 0 0 ,First,#,Database Connections\dbadmin@OTC_LGIM.sde\OTC_LGIM.DBO.AdministrativeArea\OTC_LGIM.DBO.MunicipalBoundary,NAME,-1,-1;MUNITYP "Municipal Type" true true false 50 Text 0 0 ,First,#,Database Connections\dbadmin@OTC_LGIM.sde\OTC_LGIM.DBO.AdministrativeArea\OTC_LGIM.DBO.MunicipalBoundary,MUNITYP,-1,-1;MUNIAREA "Area in Square Miles" true true false 8 Double 8 38 ,First,#,Database Connections\dbadmin@OTC_LGIM.sde\OTC_LGIM.DBO.AdministrativeArea\OTC_LGIM.DBO.MunicipalBoundary,MUNIAREA,-1,-1;LOCALFIPS "Local FIPS" true true false 5 Text 0 0 ,First,#,Database Connections\dbadmin@OTC_LGIM.sde\OTC_LGIM.DBO.AdministrativeArea\OTC_LGIM.DBO.MunicipalBoundary,LOCALFIPS,-1,-1;LASTUPDATE "Last Update Date" true true false 8 Date 0 0 ,First,#,Database Connections\dbadmin@OTC_LGIM.sde\OTC_LGIM.DBO.AdministrativeArea\OTC_LGIM.DBO.MunicipalBoundary,LASTUPDATE,-1,-1;LASTEDITOR "Last Editor" true true false 50 Text 0 0 ,First,#,Database Connections\dbadmin@OTC_LGIM.sde\OTC_LGIM.DBO.AdministrativeArea\OTC_LGIM.DBO.MunicipalBoundary,LASTEDITOR,-1,-1;OTC_ACRES "OTC_ACRES" true true false 8 Double 8 38 ,First,#,Database Connections\dbadmin@OTC_LGIM.sde\OTC_LGIM.DBO.AdministrativeArea\OTC_LGIM.DBO.MunicipalBoundary,OTC_ACRES,-1,-1;SHAPE_STAr "SHAPE_STAr" false false true 0 Double 0 0 ,First,#,Database Connections\dbadmin@OTC_LGIM.sde\OTC_LGIM.DBO.AdministrativeArea\OTC_LGIM.DBO.MunicipalBoundary,SHAPE.STArea(),-1,-1;SHAPE_STLe "SHAPE_STLe" false false true 0 Double 0 0 ,First,#,Database Connections\dbadmin@OTC_LGIM.sde\OTC_LGIM.DBO.AdministrativeArea\OTC_LGIM.DBO.MunicipalBoundary,SHAPE.STLength(),-1,-1" #</Process></lineage><itemProps><itemLocation><linkage Sync="TRUE">file://\\otc-fs06\shares$\GIS\Web\Shapefile_downloads\Cities.shp</linkage><protocol Sync="TRUE">Local Area Network</protocol></itemLocation><itemName Sync="TRUE">Cities</itemName><imsContentType Sync="TRUE">002</imsContentType><itemSize Sync="TRUE">0.000</itemSize></itemProps><coordRef><type Sync="TRUE">Projected</type><geogcsn Sync="TRUE">GCS_NAD_1983_HARN_Adj_MN_Ottertail</geogcsn><csUnits Sync="TRUE">Linear Unit: Foot_US (0.304801)</csUnits><projcsn Sync="TRUE">NAD_1983_HARN_Adj_MN_Ottertail_Feet</projcsn><peXml Sync="TRUE">&lt;ProjectedCoordinateSystem xsi:type='typens:ProjectedCoordinateSystem' xmlns:xsi='http://www.w3.org/2001/XMLSchema-instance' xmlns:xs='http://www.w3.org/2001/XMLSchema' xmlns:typens='http://www.esri.com/schemas/ArcGIS/10.7'&gt;&lt;WKT&gt;PROJCS[&amp;quot;NAD_1983_HARN_Adj_MN_Ottertail_Feet&amp;quot;,GEOGCS[&amp;quot;GCS_NAD_1983_HARN_Adj_MN_Ottertail&amp;quot;,DATUM[&amp;quot;D_NAD_1983_HARN_Adj_MN_Ottertail&amp;quot;,SPHEROID[&amp;quot;S_GRS_1980_Adj_MN_Ottertail&amp;quot;,6378525.621,298.2572221008827]],PRIMEM[&amp;quot;Greenwich&amp;quot;,0.0],UNIT[&amp;quot;Degree&amp;quot;,0.0174532925199433]],PROJECTION[&amp;quot;Lambert_Conformal_Conic&amp;quot;],PARAMETER[&amp;quot;False_Easting&amp;quot;,500000.0],PARAMETER[&amp;quot;False_Northing&amp;quot;,100000.0],PARAMETER[&amp;quot;Central_Meridian&amp;quot;,-95.71666666666667],PARAMETER[&amp;quot;Standard_Parallel_1&amp;quot;,46.18333333333333],PARAMETER[&amp;quot;Standard_Parallel_2&amp;quot;,46.65],PARAMETER[&amp;quot;Latitude_Of_Origin&amp;quot;,46.10638888888889],UNIT[&amp;quot;Foot_US&amp;quot;,0.3048006096012192],AUTHORITY[&amp;quot;Esri&amp;quot;,103762]]&lt;/WKT&gt;&lt;XOrigin&gt;-118697900&lt;/XOrigin&gt;&lt;YOrigin&gt;-99033100&lt;/YOrigin&gt;&lt;XYScale&gt;37782541.700571023&lt;/XYScale&gt;&lt;ZOrigin&gt;-100000&lt;/ZOrigin&gt;&lt;ZScale&gt;10000&lt;/ZScale&gt;&lt;MOrigin&gt;-100000&lt;/MOrigin&gt;&lt;MScale&gt;10000&lt;/MScale&gt;&lt;XYTolerance&gt;0.0032808333333333331&lt;/XYTolerance&gt;&lt;ZTolerance&gt;0.001&lt;/ZTolerance&gt;&lt;MTolerance&gt;0.001&lt;/MTolerance&gt;&lt;HighPrecision&gt;true&lt;/HighPrecision&gt;&lt;WKID&gt;103762&lt;/WKID&gt;&lt;LatestWKID&gt;103762&lt;/LatestWKID&gt;&lt;/ProjectedCoordinateSystem&gt;</peXml></coordRef></DataProperties><CreaDate>20170223</CreaDate><CreaTime>15551000</CreaTime><SyncDate>20220330</SyncDate><SyncTime>07561300</SyncTime><ModDate>20220330</ModDate><ModTime>07561300</ModTime></Esri><idinfo><descript><abstract>The geographic extent of a local government (City, Village, Township).</abstract><purpose>Municipal Boundaries</purpose></descript><keywords><theme><themekt>X-Ray</themekt><themekey>Administrative Areas</themekey></theme></keywords><accconst/><useconst/><status><progress/><update/></status><spdom><bounding><westbc>NaN</westbc><eastbc>NaN</eastbc><northbc>NaN</northbc><southbc>NaN</southbc></bounding></spdom></idinfo><eainfo><detailed Name="Cities"><attr><attrlabl Sync="TRUE">SHAPE</attrlabl><attalias Sync="TRUE">Shape</attalias><attrtype Sync="TRUE">Geometry</attrtype><attwidth Sync="TRUE">0</attwidth><atprecis Sync="TRUE">0</atprecis><attscale Sync="TRUE">0</attscale><attrdef Sync="TRUE">Feature geometry.</attrdef><attrdefs Sync="TRUE">Esri</attrdefs><attrdomv><udom Sync="TRUE">Coordinates defining the features.</udom></attrdomv></attr><attr><attrlabl Sync="TRUE">FID</attrlabl><attalias Sync="TRUE">FID</attalias><attrtype Sync="TRUE">OID</attrtype><attwidth Sync="TRUE">4</attwidth><atprecis Sync="TRUE">0</atprecis><attscale Sync="TRUE">0</attscale><attrdef Sync="TRUE">Internal feature number.</attrdef><attrdefs Sync="TRUE">Esri</attrdefs><attrdomv><udom Sync="TRUE">Sequential unique whole numbers that are automatically generated.</udom></attrdomv></attr><attr><attrlabl Sync="TRUE">LASTEDITOR</attrlabl><attalias Sync="TRUE">LASTEDITOR</attalias><attrtype Sync="TRUE">String</attrtype><attwidth Sync="TRUE">50</attwidth><atprecis Sync="TRUE">0</atprecis><attscale Sync="TRUE">0</attscale><attrdef Sync="TRUE">The user who performed the last update</attrdef></attr><attr><attrlabl Sync="TRUE">LASTUPDATE</attrlabl><attalias Sync="TRUE">LASTUPDATE</attalias><attrtype Sync="TRUE">Date</attrtype><attwidth Sync="TRUE">8</attwidth><atprecis Sync="TRUE">0</atprecis><attscale Sync="TRUE">0</attscale><attrdef Sync="TRUE">The date the feature was last updated in the maintenance database</attrdef></attr><attr><attrlabl Sync="TRUE">LOCALFIPS</attrlabl><attalias Sync="TRUE">LOCALFIPS</attalias><attrtype Sync="TRUE">String</attrtype><attwidth Sync="TRUE">5</attwidth><atprecis Sync="TRUE">0</atprecis><attscale Sync="TRUE">0</attscale><attrdef Sync="TRUE">The five digit FIPS code for the municipality as assigned by the Federal Government</attrdef></attr><attr><attrlabl Sync="TRUE">MUNIAREA</attrlabl><attalias Sync="TRUE">MUNIAREA</attalias><attrtype Sync="TRUE">Double</attrtype><attwidth Sync="TRUE">19</attwidth><atprecis Sync="TRUE">18</atprecis><attscale Sync="TRUE">8</attscale><attrdef Sync="TRUE">The area of the municipality in square miles</attrdef></attr><attr><attrlabl Sync="TRUE">MUNITYP</attrlabl><attalias Sync="TRUE">MUNITYP</attalias><attrtype Sync="TRUE">String</attrtype><attwidth Sync="TRUE">50</attwidth><atprecis Sync="TRUE">0</atprecis><attscale Sync="TRUE">0</attscale><attrdef Sync="TRUE">The type of municipality</attrdef></attr><attr><attrlabl Sync="TRUE">NAME</attrlabl><attalias Sync="TRUE">NAME</attalias><attrtype Sync="TRUE">String</attrtype><attwidth Sync="TRUE">50</attwidth><atprecis Sync="TRUE">0</atprecis><attscale Sync="TRUE">0</attscale><attrdef Sync="TRUE">The name of the municipality</attrdef></attr><enttyp><enttypl Sync="TRUE">Cities</enttypl><enttypt Sync="TRUE">Feature Class</enttypt><enttypc Sync="TRUE">0</enttypc></enttyp><attr><attrlabl Sync="TRUE">OTC_ACRES</attrlabl><attalias Sync="TRUE">OTC_ACRES</attalias><attrtype Sync="TRUE">Double</attrtype><attwidth Sync="TRUE">19</attwidth><atprecis Sync="TRUE">18</atprecis><attscale Sync="TRUE">8</attscale></attr><attr><attrlabl Sync="TRUE">SHAPE_STAr</attrlabl><attalias Sync="TRUE">SHAPE_STAr</attalias><attrtype Sync="TRUE">Double</attrtype><attwidth Sync="TRUE">19</attwidth><atprecis Sync="TRUE">0</atprecis><attscale Sync="TRUE">0</attscale></attr><attr><attrlabl Sync="TRUE">SHAPE_STLe</attrlabl><attalias Sync="TRUE">SHAPE_STLe</attalias><attrtype Sync="TRUE">Double</attrtype><attwidth Sync="TRUE">19</attwidth><atprecis Sync="TRUE">0</atprecis><attscale Sync="TRUE">0</attscale></attr></detailed></eainfo><dataIdInfo><envirDesc Sync="TRUE"> Version 6.2 (Build 9200) ; Esri ArcGIS 10.7.0.10450</envirDesc><dataLang><languageCode value="eng" Sync="TRUE"/><countryCode value="USA" Sync="TRUE"/></dataLang><idCitation><resTitle Sync="TRUE">Cities</resTitle><presForm><PresFormCd value="005" Sync="TRUE"/></presForm></idCitation><spatRpType><SpatRepTypCd value="001" Sync="TRUE"/></spatRpType></dataIdInfo><mdLang><languageCode value="eng" Sync="TRUE"/><countryCode value="USA" Sync="TRUE"/></mdLang><distInfo><distFormat><formatName Sync="TRUE">Shapefile</formatName></distFormat><distTranOps><transSize Sync="TRUE">0.000</transSize></distTranOps></distInfo><mdHrLv><ScopeCd value="005" Sync="TRUE"/></mdHrLv><mdHrLvName Sync="TRUE">dataset</mdHrLvName><refSysInfo><RefSystem><refSysID><identCode code="103762" Sync="TRUE"/><idCodeSpace Sync="TRUE">Esri</idCodeSpace><idVersion Sync="TRUE">9.0.0</idVersion></refSysID></RefSystem></refSysInfo><spatRepInfo><VectSpatRep><geometObjs Name="Cities"><geoObjTyp><GeoObjTypCd value="002" Sync="TRUE"></GeoObjTypCd></geoObjTyp><geoObjCnt Sync="TRUE">0</geoObjCnt></geometObjs><topLvl><TopoLevCd value="001" Sync="TRUE"></TopoLevCd></topLvl></VectSpatRep></spatRepInfo><spdoinfo><ptvctinf><esriterm Name="Cities"><efeatyp Sync="TRUE">Simple</efeatyp><efeageom code="4" Sync="TRUE"></efeageom><esritopo Sync="TRUE">FALSE</esritopo><efeacnt Sync="TRUE">0</efeacnt><spindex Sync="TRUE">FALSE</spindex><linrefer Sync="TRUE">FALSE</linrefer></esriterm></ptvctinf></spdoinfo><mdDateSt Sync="TRUE">20220330</mdDateSt></metadata>
