<metadata xml:lang="en"><Esri><SyncOnce>FALSE</SyncOnce><ArcGISFormat>1.0</ArcGISFormat><DataProperties><lineage><Process ToolSource="c:\program files (x86)\arcgis\desktop10.3\ArcToolbox\Toolboxes\Data Management Tools.tbx\CalculateField" Date="20160613" Time="100556">CalculateField Waterlines WTRTYPE "Stream or River - Intermittent" VB #</Process><Process ToolSource="c:\program files (x86)\arcgis\desktop10.3\ArcToolbox\Toolboxes\Data Management Tools.tbx\CalculateField" Date="20160613" Time="100616">CalculateField Waterlines WTRTYPE "Stream or River-Intermittent" VB #</Process><Process ToolSource="c:\program files (x86)\arcgis\desktop10.3\ArcToolbox\Toolboxes\Data Management Tools.tbx\CalculateField" Date="20160613" Time="100655">CalculateField Waterlines WTRTYPE "Stream or River" VB #</Process><Process ToolSource="c:\program files (x86)\arcgis\desktop10.3\ArcToolbox\Toolboxes\Data Management Tools.tbx\CalculateField" Date="20160630" Time="084419">CalculateField Rivers OTC_CLASS NULL VB #</Process><Process ToolSource="c:\program files (x86)\arcgis\desktop10.3\ArcToolbox\Toolboxes\Data Management Tools.tbx\CalculateField" Date="20160630" Time="085252">CalculateField Rivers NAME NULL VB #</Process><Process ToolSource="c:\program files (x86)\arcgis\desktop10.3\ArcToolbox\Toolboxes\Data Management Tools.tbx\CalculateField" Date="20160630" Time="085504">CalculateField Rivers NAME NULL VB #</Process><Process ToolSource="c:\program files (x86)\arcgis\desktop10.3\ArcToolbox\Toolboxes\Data Management Tools.tbx\CalculateField" Date="20160630" Time="090738">CalculateField Rivers OTC_TYPE 1 VB #</Process><Process ToolSource="c:\program files (x86)\arcgis\desktop10.3\ArcToolbox\Toolboxes\Data Management Tools.tbx\CalculateField" Date="20160630" Time="090922">CalculateField Rivers OTC_TYPE 1 VB #</Process><Process ToolSource="c:\program files (x86)\arcgis\desktop10.3\ArcToolbox\Toolboxes\Data Management Tools.tbx\CalculateField" Date="20160630" Time="091210">CalculateField Rivers OTC_TYPE 2 VB #</Process><Process ToolSource="c:\program files (x86)\arcgis\desktop10.3\ArcToolbox\Toolboxes\Data Management Tools.tbx\TruncateTable" Date="20160630" Time="094718">TruncateTable "Database Connections\dbadmin_OTC_LGIM.sde\OTC_LGIM.DBO.ReferenceData\OTC_LGIM.DBO.Waterline"</Process><Process ToolSource="c:\program files (x86)\arcgis\desktop10.3\ArcToolbox\Toolboxes\Data Management Tools.tbx\Append" Date="20160630" Time="094930">Append C:\Users\gmeyer\Documents\ArcGIS\Default.gdb\Waterline_Dissolve "Database Connections\dbadmin_OTC_LGIM.sde\OTC_LGIM.DBO.ReferenceData\OTC_LGIM.DBO.Waterline" NO_TEST "HYDROID "Hydro ID" true true false 4 Long 0 10 ,First,#;REACHCODE "Reach Code" true true false 14 Text 0 0 ,First,#;GNISID "GNISID" true true false 10 Text 0 0 ,First,#;NAME "Name" true true false 100 Text 0 0 ,First,#,C:\Users\gmeyer\Documents\ArcGIS\Default.gdb\Waterline_Dissolve,NAME,-1,-1;WTRTYPE "Waterline Type" true true false 30 Text 0 0 ,First,#,C:\Users\gmeyer\Documents\ArcGIS\Default.gdb\Waterline_Dissolve,WTRTYPE,-1,-1;FLOWDIR "Flow Direction" true true false 4 Long 0 10 ,First,#;NEXTDOWNID "Next Downstream ID" true true false 4 Long 0 10 ,First,#;LASTUPDATE "Last Update Date" true true false 36 Date 0 0 ,First,#;LASTEDITOR "Last Editor" true true false 50 Text 0 0 ,First,#;OTC_CLASS "OTC_CLASS" true true false 20 Text 0 0 ,First,#,C:\Users\gmeyer\Documents\ArcGIS\Default.gdb\Waterline_Dissolve,OTC_CLASS,-1,-1;OTC_TYPE "OTC_TYPE" true true false 2 Short 0 5 ,First,#,C:\Users\gmeyer\Documents\ArcGIS\Default.gdb\Waterline_Dissolve,OTC_TYPE,-1,-1;SHAPE.STLength() "SHAPE.STLength()" false false true 0 Double 0 0 ,First,#" #</Process><Process ToolSource="c:\program files (x86)\arcgis\desktop10.3\ArcToolbox\Toolboxes\Data Management Tools.tbx\TruncateTable" Date="20160707" Time="104109">TruncateTable "Database Connections\dbadmin_OTC_LGIM.sde\OTC_LGIM.DBO.ReferenceData\OTC_LGIM.DBO.Waterline"</Process><Process Name="Feature Class to Feature Class (9)" ToolSource="c:\program files (x86)\arcgis\desktop10.7\ArcToolbox\Toolboxes\Conversion Tools.tbx\FeatureClassToFeatureClass" Date="20220330" Time="075735">FeatureClassToFeatureClass "Database Connections\LGIM.sde\OTC_LGIM.DBO.ReferenceData\OTC_LGIM.DBO.Waterline" I:\Web\Shapefile_downloads Rivers.shp "WTRTYPE &lt;&gt; 'Connector'" "NAME "Name" true true false 100 Text 0 0 ,First,#,Database Connections\George_Edits.sde\OTC_LGIM.DBO.ReferenceData\OTC_LGIM.DBO.Waterline,NAME,-1,-1;WTRTYPE "Waterline Type" true true false 30 Text 0 0 ,First,#,Database Connections\George_Edits.sde\OTC_LGIM.DBO.ReferenceData\OTC_LGIM.DBO.Waterline,WTRTYPE,-1,-1;OTC_CLASS "OTC_CLASS" true true false 20 Text 0 0 ,First,#,Database Connections\George_Edits.sde\OTC_LGIM.DBO.ReferenceData\OTC_LGIM.DBO.Waterline,OTC_CLASS,-1,-1;SHAPE_STLe "SHAPE_STLe" false false true 0 Double 0 0 ,First,#,Database Connections\George_Edits.sde\OTC_LGIM.DBO.ReferenceData\OTC_LGIM.DBO.Waterline,SHAPE.STLength(),-1,-1" #</Process></lineage><itemProps><itemLocation><linkage Sync="TRUE">file://\\otc-fs06\shares$\GIS\Web\Shapefile_downloads\Rivers.shp</linkage><protocol Sync="TRUE">Local Area Network</protocol></itemLocation><itemName Sync="TRUE">Rivers</itemName><imsContentType Sync="TRUE">002</imsContentType><itemSize Sync="TRUE">0.000</itemSize></itemProps><coordRef><type Sync="TRUE">Projected</type><geogcsn Sync="TRUE">GCS_NAD_1983_HARN_Adj_MN_Ottertail</geogcsn><csUnits Sync="TRUE">Linear Unit: Foot_US (0.304801)</csUnits><projcsn Sync="TRUE">NAD_1983_HARN_Adj_MN_Ottertail_Feet</projcsn><peXml Sync="TRUE">&lt;ProjectedCoordinateSystem xsi:type='typens:ProjectedCoordinateSystem' xmlns:xsi='http://www.w3.org/2001/XMLSchema-instance' xmlns:xs='http://www.w3.org/2001/XMLSchema' xmlns:typens='http://www.esri.com/schemas/ArcGIS/10.7'&gt;&lt;WKT&gt;PROJCS[&amp;quot;NAD_1983_HARN_Adj_MN_Ottertail_Feet&amp;quot;,GEOGCS[&amp;quot;GCS_NAD_1983_HARN_Adj_MN_Ottertail&amp;quot;,DATUM[&amp;quot;D_NAD_1983_HARN_Adj_MN_Ottertail&amp;quot;,SPHEROID[&amp;quot;S_GRS_1980_Adj_MN_Ottertail&amp;quot;,6378525.621,298.2572221008827]],PRIMEM[&amp;quot;Greenwich&amp;quot;,0.0],UNIT[&amp;quot;Degree&amp;quot;,0.0174532925199433]],PROJECTION[&amp;quot;Lambert_Conformal_Conic&amp;quot;],PARAMETER[&amp;quot;False_Easting&amp;quot;,500000.0],PARAMETER[&amp;quot;False_Northing&amp;quot;,100000.0],PARAMETER[&amp;quot;Central_Meridian&amp;quot;,-95.71666666666667],PARAMETER[&amp;quot;Standard_Parallel_1&amp;quot;,46.18333333333333],PARAMETER[&amp;quot;Standard_Parallel_2&amp;quot;,46.65],PARAMETER[&amp;quot;Latitude_Of_Origin&amp;quot;,46.10638888888889],UNIT[&amp;quot;Foot_US&amp;quot;,0.3048006096012192],AUTHORITY[&amp;quot;Esri&amp;quot;,103762]]&lt;/WKT&gt;&lt;XOrigin&gt;-118697900&lt;/XOrigin&gt;&lt;YOrigin&gt;-99033100&lt;/YOrigin&gt;&lt;XYScale&gt;37782541.700571023&lt;/XYScale&gt;&lt;ZOrigin&gt;-100000&lt;/ZOrigin&gt;&lt;ZScale&gt;10000&lt;/ZScale&gt;&lt;MOrigin&gt;-100000&lt;/MOrigin&gt;&lt;MScale&gt;10000&lt;/MScale&gt;&lt;XYTolerance&gt;0.0032808333333333331&lt;/XYTolerance&gt;&lt;ZTolerance&gt;0.001&lt;/ZTolerance&gt;&lt;MTolerance&gt;0.001&lt;/MTolerance&gt;&lt;HighPrecision&gt;true&lt;/HighPrecision&gt;&lt;WKID&gt;103762&lt;/WKID&gt;&lt;LatestWKID&gt;103762&lt;/LatestWKID&gt;&lt;/ProjectedCoordinateSystem&gt;</peXml></coordRef></DataProperties><CreaDate>20170223</CreaDate><CreaTime>17043700</CreaTime><SyncDate>20220330</SyncDate><SyncTime>07573400</SyncTime><ModDate>20220330</ModDate><ModTime>07573400</ModTime></Esri><idinfo><descript><abstract>River and Stream lines that represent flowlines and cartographic features such as stream centerlines and river banks.</abstract><purpose>Waterlines</purpose></descript><keywords><theme><themekt>X-Ray</themekt><themekey>Hydrography</themekey></theme></keywords><accconst/><useconst/><status><progress/><update/></status><spdom><bounding><westbc>NaN</westbc><eastbc>NaN</eastbc><northbc>NaN</northbc><southbc>NaN</southbc></bounding></spdom></idinfo><eainfo><detailed Name="Rivers"><attr><attrlabl Sync="TRUE">SHAPE</attrlabl><attalias Sync="TRUE">Shape</attalias><attrtype Sync="TRUE">Geometry</attrtype><attwidth Sync="TRUE">0</attwidth><atprecis Sync="TRUE">0</atprecis><attscale Sync="TRUE">0</attscale><attrdef Sync="TRUE">Feature geometry.</attrdef><attrdefs Sync="TRUE">Esri</attrdefs><attrdomv><udom Sync="TRUE">Coordinates defining the features.</udom></attrdomv></attr><attr><attrlabl Sync="TRUE">FID</attrlabl><attalias Sync="TRUE">FID</attalias><attrtype Sync="TRUE">OID</attrtype><attwidth Sync="TRUE">4</attwidth><atprecis Sync="TRUE">0</atprecis><attscale Sync="TRUE">0</attscale><attrdef Sync="TRUE">Internal feature number.</attrdef><attrdefs Sync="TRUE">Esri</attrdefs><attrdomv><udom Sync="TRUE">Sequential unique whole numbers that are automatically generated.</udom></attrdomv></attr><attr><attrlabl Sync="TRUE">NAME</attrlabl><attalias Sync="TRUE">NAME</attalias><attrtype Sync="TRUE">String</attrtype><attwidth Sync="TRUE">100</attwidth><atprecis Sync="TRUE">0</atprecis><attscale Sync="TRUE">0</attscale><attrdef Sync="TRUE">The name of the water course</attrdef></attr><attr><attrlabl Sync="TRUE">WTRTYPE</attrlabl><attalias Sync="TRUE">WTRTYPE</attalias><attrtype Sync="TRUE">String</attrtype><attwidth Sync="TRUE">30</attwidth><atprecis Sync="TRUE">0</atprecis><attscale Sync="TRUE">0</attscale><attrdef Sync="TRUE">The type of water course</attrdef></attr><enttyp><enttypl Sync="TRUE">Rivers</enttypl><enttypt Sync="TRUE">Feature Class</enttypt><enttypc Sync="TRUE">0</enttypc></enttyp><attr><attrlabl Sync="TRUE">OTC_CLASS</attrlabl><attalias Sync="TRUE">OTC_CLASS</attalias><attrtype Sync="TRUE">String</attrtype><attwidth Sync="TRUE">20</attwidth><atprecis Sync="TRUE">0</atprecis><attscale Sync="TRUE">0</attscale></attr><attr><attrlabl Sync="TRUE">SHAPE_STLe</attrlabl><attalias Sync="TRUE">SHAPE_STLe</attalias><attrtype Sync="TRUE">Double</attrtype><attwidth Sync="TRUE">19</attwidth><atprecis Sync="TRUE">0</atprecis><attscale Sync="TRUE">0</attscale></attr></detailed></eainfo><dataIdInfo><envirDesc Sync="TRUE"> Version 6.2 (Build 9200) ; Esri ArcGIS 10.7.0.10450</envirDesc><dataLang><languageCode value="eng" Sync="TRUE"/><countryCode value="USA" Sync="TRUE"/></dataLang><idCitation><resTitle Sync="TRUE">Rivers</resTitle><presForm><PresFormCd value="005" Sync="TRUE"/></presForm></idCitation><spatRpType><SpatRepTypCd value="001" Sync="TRUE"/></spatRpType></dataIdInfo><mdLang><languageCode value="eng" Sync="TRUE"/><countryCode value="USA" Sync="TRUE"/></mdLang><distInfo><distFormat><formatName Sync="TRUE">Shapefile</formatName></distFormat><distTranOps><transSize Sync="TRUE">0.000</transSize></distTranOps></distInfo><mdHrLv><ScopeCd value="005" Sync="TRUE"/></mdHrLv><mdHrLvName Sync="TRUE">dataset</mdHrLvName><refSysInfo><RefSystem><refSysID><identCode code="103762" Sync="TRUE"/><idCodeSpace Sync="TRUE">Esri</idCodeSpace><idVersion Sync="TRUE">9.0.0</idVersion></refSysID></RefSystem></refSysInfo><spatRepInfo><VectSpatRep><geometObjs Name="Rivers"><geoObjTyp><GeoObjTypCd value="002" Sync="TRUE"></GeoObjTypCd></geoObjTyp><geoObjCnt Sync="TRUE">0</geoObjCnt></geometObjs><topLvl><TopoLevCd value="001" Sync="TRUE"></TopoLevCd></topLvl></VectSpatRep></spatRepInfo><spdoinfo><ptvctinf><esriterm Name="Rivers"><efeatyp Sync="TRUE">Simple</efeatyp><efeageom code="3" Sync="TRUE"></efeageom><esritopo Sync="TRUE">FALSE</esritopo><efeacnt Sync="TRUE">0</efeacnt><spindex Sync="TRUE">FALSE</spindex><linrefer Sync="TRUE">FALSE</linrefer></esriterm></ptvctinf></spdoinfo><mdDateSt Sync="TRUE">20220330</mdDateSt></metadata>
